phase,priority,status,project,id,name,file,size,out,background,count,quality,reference,after,use,full_prompt
2,1,todo,01-pets-expressions,pet-cat-1-happy,나비 아기 기뻐함,public/assets/pets/cat-1-happy.webp,1024x1024,512x512,transparent,3,high,public/assets/pets/cat-1.webp,,쓰다듬기 반응 · 야차전 승리,"The exact same kitten character as the reference (나비, 아기 stage): keep body proportions, colors, markings and accessories identical. Change only the expression and pose: eyes closed in a big happy smile, rosy cheeks, 2-3 small hearts floating above the head.

Cute chibi 3D-rendered mascot in exactly the same art style as the reference image: soft pastel colors, big glossy eyes, gentle rim light, smooth clean shading, very thin soft outline. One character, full body, 3/4 front view, centered, feet resting on an invisible baseline at 88% of the image height, 8% empty margin on every side. Transparent background, no ground shadow, no text, no frame, no border."
2,1,todo,01-pets-expressions,pet-cat-2-happy,나비 성장 기뻐함,public/assets/pets/cat-2-happy.webp,1024x1024,512x512,transparent,3,high,public/assets/pets/cat-2.webp,,쓰다듬기 반응 · 야차전 승리,"The exact same kitten character as the reference (나비, 성장 stage): keep body proportions, colors, markings and accessories identical. Change only the expression and pose: eyes closed in a big happy smile, rosy cheeks, 2-3 small hearts floating above the head.

Cute chibi 3D-rendered mascot in exactly the same art style as the reference image: soft pastel colors, big glossy eyes, gentle rim light, smooth clean shading, very thin soft outline. One character, full body, 3/4 front view, centered, feet resting on an invisible baseline at 88% of the image height, 8% empty margin on every side. Transparent background, no ground shadow, no text, no frame, no border."
2,1,todo,01-pets-expressions,pet-cat-3-happy,나비 최종 기뻐함,public/assets/pets/cat-3-happy.webp,1024x1024,512x512,transparent,3,high,public/assets/pets/cat-3.webp,,쓰다듬기 반응 · 야차전 승리,"The exact same kitten character as the reference (나비, 최종 stage): keep body proportions, colors, markings and accessories identical. Change only the expression and pose: eyes closed in a big happy smile, rosy cheeks, 2-3 small hearts floating above the head.

Cute chibi 3D-rendered mascot in exactly the same art style as the reference image: soft pastel colors, big glossy eyes, gentle rim light, smooth clean shading, very thin soft outline. One character, full body, 3/4 front view, centered, feet resting on an invisible baseline at 88% of the image height, 8% empty margin on every side. Transparent background, no ground shadow, no text, no frame, no border."
2,1,todo,01-pets-expressions,pet-dog-1-happy,몽이 아기 기뻐함,public/assets/pets/dog-1-happy.webp,1024x1024,512x512,transparent,3,high,public/assets/pets/dog-1.webp,,쓰다듬기 반응 · 야차전 승리,"The exact same puppy character as the reference (몽이, 아기 stage): keep body proportions, colors, markings and accessories identical. Change only the expression and pose: eyes closed in a big happy smile, rosy cheeks, 2-3 small hearts floating above the head.

Cute chibi 3D-rendered mascot in exactly the same art style as the reference image: soft pastel colors, big glossy eyes, gentle rim light, smooth clean shading, very thin soft outline. One character, full body, 3/4 front view, centered, feet resting on an invisible baseline at 88% of the image height, 8% empty margin on every side. Transparent background, no ground shadow, no text, no frame, no border."
2,1,todo,01-pets-expressions,pet-dog-2-happy,몽이 성장 기뻐함,public/assets/pets/dog-2-happy.webp,1024x1024,512x512,transparent,3,high,public/assets/pets/dog-2.webp,,쓰다듬기 반응 · 야차전 승리,"The exact same puppy character as the reference (몽이, 성장 stage): keep body proportions, colors, markings and accessories identical. Change only the expression and pose: eyes closed in a big happy smile, rosy cheeks, 2-3 small hearts floating above the head.

Cute chibi 3D-rendered mascot in exactly the same art style as the reference image: soft pastel colors, big glossy eyes, gentle rim light, smooth clean shading, very thin soft outline. One character, full body, 3/4 front view, centered, feet resting on an invisible baseline at 88% of the image height, 8% empty margin on every side. Transparent background, no ground shadow, no text, no frame, no border."
2,1,todo,01-pets-expressions,pet-dog-3-happy,몽이 최종 기뻐함,public/assets/pets/dog-3-happy.webp,1024x1024,512x512,transparent,3,high,public/assets/pets/dog-3.webp,,쓰다듬기 반응 · 야차전 승리,"The exact same puppy character as the reference (몽이, 최종 stage): keep body proportions, colors, markings and accessories identical. Change only the expression and pose: eyes closed in a big happy smile, rosy cheeks, 2-3 small hearts floating above the head.

Cute chibi 3D-rendered mascot in exactly the same art style as the reference image: soft pastel colors, big glossy eyes, gentle rim light, smooth clean shading, very thin soft outline. One character, full body, 3/4 front view, centered, feet resting on an invisible baseline at 88% of the image height, 8% empty margin on every side. Transparent background, no ground shadow, no text, no frame, no border."
2,1,todo,01-pets-expressions,pet-dragon-1-happy,용이 아기 기뻐함,public/assets/pets/dragon-1-happy.webp,1024x1024,512x512,transparent,3,high,public/assets/pets/dragon-1.webp,,쓰다듬기 반응 · 야차전 승리,"The exact same baby dragon character as the reference (용이, 아기 stage): keep body proportions, colors, markings and accessories identical. Change only the expression and pose: eyes closed in a big happy smile, rosy cheeks, 2-3 small hearts floating above the head.

Cute chibi 3D-rendered mascot in exactly the same art style as the reference image: soft pastel colors, big glossy eyes, gentle rim light, smooth clean shading, very thin soft outline. One character, full body, 3/4 front view, centered, feet resting on an invisible baseline at 88% of the image height, 8% empty margin on every side. Transparent background, no ground shadow, no text, no frame, no border."
2,1,todo,01-pets-expressions,pet-dragon-2-happy,용이 성장 기뻐함,public/assets/pets/dragon-2-happy.webp,1024x1024,512x512,transparent,3,high,public/assets/pets/dragon-2.webp,,쓰다듬기 반응 · 야차전 승리,"The exact same baby dragon character as the reference (용이, 성장 stage): keep body proportions, colors, markings and accessories identical. Change only the expression and pose: eyes closed in a big happy smile, rosy cheeks, 2-3 small hearts floating above the head.

Cute chibi 3D-rendered mascot in exactly the same art style as the reference image: soft pastel colors, big glossy eyes, gentle rim light, smooth clean shading, very thin soft outline. One character, full body, 3/4 front view, centered, feet resting on an invisible baseline at 88% of the image height, 8% empty margin on every side. Transparent background, no ground shadow, no text, no frame, no border."
2,1,todo,01-pets-expressions,pet-dragon-3-happy,용이 최종 기뻐함,public/assets/pets/dragon-3-happy.webp,1024x1024,512x512,transparent,3,high,public/assets/pets/dragon-3.webp,,쓰다듬기 반응 · 야차전 승리,"The exact same baby dragon character as the reference (용이, 최종 stage): keep body proportions, colors, markings and accessories identical. Change only the expression and pose: eyes closed in a big happy smile, rosy cheeks, 2-3 small hearts floating above the head.

Cute chibi 3D-rendered mascot in exactly the same art style as the reference image: soft pastel colors, big glossy eyes, gentle rim light, smooth clean shading, very thin soft outline. One character, full body, 3/4 front view, centered, feet resting on an invisible baseline at 88% of the image height, 8% empty margin on every side. Transparent background, no ground shadow, no text, no frame, no border."
2,1,todo,01-pets-expressions,pet-fox-1-happy,호야 아기 기뻐함,public/assets/pets/fox-1-happy.webp,1024x1024,512x512,transparent,3,high,public/assets/pets/fox-1.webp,,쓰다듬기 반응 · 야차전 승리,"The exact same fox character as the reference (호야, 아기 stage): keep body proportions, colors, markings and accessories identical. Change only the expression and pose: eyes closed in a big happy smile, rosy cheeks, 2-3 small hearts floating above the head.

Cute chibi 3D-rendered mascot in exactly the same art style as the reference image: soft pastel colors, big glossy eyes, gentle rim light, smooth clean shading, very thin soft outline. One character, full body, 3/4 front view, centered, feet resting on an invisible baseline at 88% of the image height, 8% empty margin on every side. Transparent background, no ground shadow, no text, no frame, no border."
2,1,todo,01-pets-expressions,pet-fox-2-happy,호야 성장 기뻐함,public/assets/pets/fox-2-happy.webp,1024x1024,512x512,transparent,3,high,public/assets/pets/fox-2.webp,,쓰다듬기 반응 · 야차전 승리,"The exact same fox character as the reference (호야, 성장 stage): keep body proportions, colors, markings and accessories identical. Change only the expression and pose: eyes closed in a big happy smile, rosy cheeks, 2-3 small hearts floating above the head.

Cute chibi 3D-rendered mascot in exactly the same art style as the reference image: soft pastel colors, big glossy eyes, gentle rim light, smooth clean shading, very thin soft outline. One character, full body, 3/4 front view, centered, feet resting on an invisible baseline at 88% of the image height, 8% empty margin on every side. Transparent background, no ground shadow, no text, no frame, no border."
2,1,todo,01-pets-expressions,pet-fox-3-happy,호야 최종 기뻐함,public/assets/pets/fox-3-happy.webp,1024x1024,512x512,transparent,3,high,public/assets/pets/fox-3.webp,,쓰다듬기 반응 · 야차전 승리,"The exact same fox character as the reference (호야, 최종 stage): keep body proportions, colors, markings and accessories identical. Change only the expression and pose: eyes closed in a big happy smile, rosy cheeks, 2-3 small hearts floating above the head.

Cute chibi 3D-rendered mascot in exactly the same art style as the reference image: soft pastel colors, big glossy eyes, gentle rim light, smooth clean shading, very thin soft outline. One character, full body, 3/4 front view, centered, feet resting on an invisible baseline at 88% of the image height, 8% empty margin on every side. Transparent background, no ground shadow, no text, no frame, no border."
2,1,todo,01-pets-expressions,pet-panda-1-happy,밤부 아기 기뻐함,public/assets/pets/panda-1-happy.webp,1024x1024,512x512,transparent,3,high,public/assets/pets/panda-1.webp,,쓰다듬기 반응 · 야차전 승리,"The exact same panda character as the reference (밤부, 아기 stage): keep body proportions, colors, markings and accessories identical. Change only the expression and pose: eyes closed in a big happy smile, rosy cheeks, 2-3 small hearts floating above the head.

Cute chibi 3D-rendered mascot in exactly the same art style as the reference image: soft pastel colors, big glossy eyes, gentle rim light, smooth clean shading, very thin soft outline. One character, full body, 3/4 front view, centered, feet resting on an invisible baseline at 88% of the image height, 8% empty margin on every side. Transparent background, no ground shadow, no text, no frame, no border."
2,1,todo,01-pets-expressions,pet-panda-2-happy,밤부 성장 기뻐함,public/assets/pets/panda-2-happy.webp,1024x1024,512x512,transparent,3,high,public/assets/pets/panda-2.webp,,쓰다듬기 반응 · 야차전 승리,"The exact same panda character as the reference (밤부, 성장 stage): keep body proportions, colors, markings and accessories identical. Change only the expression and pose: eyes closed in a big happy smile, rosy cheeks, 2-3 small hearts floating above the head.

Cute chibi 3D-rendered mascot in exactly the same art style as the reference image: soft pastel colors, big glossy eyes, gentle rim light, smooth clean shading, very thin soft outline. One character, full body, 3/4 front view, centered, feet resting on an invisible baseline at 88% of the image height, 8% empty margin on every side. Transparent background, no ground shadow, no text, no frame, no border."
2,1,todo,01-pets-expressions,pet-panda-3-happy,밤부 최종 기뻐함,public/assets/pets/panda-3-happy.webp,1024x1024,512x512,transparent,3,high,public/assets/pets/panda-3.webp,,쓰다듬기 반응 · 야차전 승리,"The exact same panda character as the reference (밤부, 최종 stage): keep body proportions, colors, markings and accessories identical. Change only the expression and pose: eyes closed in a big happy smile, rosy cheeks, 2-3 small hearts floating above the head.

Cute chibi 3D-rendered mascot in exactly the same art style as the reference image: soft pastel colors, big glossy eyes, gentle rim light, smooth clean shading, very thin soft outline. One character, full body, 3/4 front view, centered, feet resting on an invisible baseline at 88% of the image height, 8% empty margin on every side. Transparent background, no ground shadow, no text, no frame, no border."
2,1,todo,01-pets-expressions,pet-pig-1-happy,핑키 아기 기뻐함,public/assets/pets/pig-1-happy.webp,1024x1024,512x512,transparent,3,high,public/assets/pets/pig-1.webp,,쓰다듬기 반응 · 야차전 승리,"The exact same piglet character as the reference (핑키, 아기 stage): keep body proportions, colors, markings and accessories identical. Change only the expression and pose: eyes closed in a big happy smile, rosy cheeks, 2-3 small hearts floating above the head.

Cute chibi 3D-rendered mascot in exactly the same art style as the reference image: soft pastel colors, big glossy eyes, gentle rim light, smooth clean shading, very thin soft outline. One character, full body, 3/4 front view, centered, feet resting on an invisible baseline at 88% of the image height, 8% empty margin on every side. Transparent background, no ground shadow, no text, no frame, no border."
2,1,todo,01-pets-expressions,pet-pig-3-happy,핑키 최종 기뻐함,public/assets/pets/pig-3-happy.webp,1024x1024,512x512,transparent,3,high,public/assets/pets/pig-3.webp,,쓰다듬기 반응 · 야차전 승리,"The exact same piglet character as the reference (핑키, 최종 stage): keep body proportions, colors, markings and accessories identical. Change only the expression and pose: eyes closed in a big happy smile, rosy cheeks, 2-3 small hearts floating above the head.

Cute chibi 3D-rendered mascot in exactly the same art style as the reference image: soft pastel colors, big glossy eyes, gentle rim light, smooth clean shading, very thin soft outline. One character, full body, 3/4 front view, centered, feet resting on an invisible baseline at 88% of the image height, 8% empty margin on every side. Transparent background, no ground shadow, no text, no frame, no border."
2,1,todo,01-pets-expressions,pet-rabbit-1-happy,토리 아기 기뻐함,public/assets/pets/rabbit-1-happy.webp,1024x1024,512x512,transparent,3,high,public/assets/pets/rabbit-1.webp,,쓰다듬기 반응 · 야차전 승리,"The exact same bunny character as the reference (토리, 아기 stage): keep body proportions, colors, markings and accessories identical. Change only the expression and pose: eyes closed in a big happy smile, rosy cheeks, 2-3 small hearts floating above the head.

Cute chibi 3D-rendered mascot in exactly the same art style as the reference image: soft pastel colors, big glossy eyes, gentle rim light, smooth clean shading, very thin soft outline. One character, full body, 3/4 front view, centered, feet resting on an invisible baseline at 88% of the image height, 8% empty margin on every side. Transparent background, no ground shadow, no text, no frame, no border."
2,1,todo,01-pets-expressions,pet-rabbit-2-happy,토리 성장 기뻐함,public/assets/pets/rabbit-2-happy.webp,1024x1024,512x512,transparent,3,high,public/assets/pets/rabbit-2.webp,,쓰다듬기 반응 · 야차전 승리,"The exact same bunny character as the reference (토리, 성장 stage): keep body proportions, colors, markings and accessories identical. Change only the expression and pose: eyes closed in a big happy smile, rosy cheeks, 2-3 small hearts floating above the head.

Cute chibi 3D-rendered mascot in exactly the same art style as the reference image: soft pastel colors, big glossy eyes, gentle rim light, smooth clean shading, very thin soft outline. One character, full body, 3/4 front view, centered, feet resting on an invisible baseline at 88% of the image height, 8% empty margin on every side. Transparent background, no ground shadow, no text, no frame, no border."
2,1,todo,01-pets-expressions,pet-rabbit-3-happy,토리 최종 기뻐함,public/assets/pets/rabbit-3-happy.webp,1024x1024,512x512,transparent,3,high,public/assets/pets/rabbit-3.webp,,쓰다듬기 반응 · 야차전 승리,"The exact same bunny character as the reference (토리, 최종 stage): keep body proportions, colors, markings and accessories identical. Change only the expression and pose: eyes closed in a big happy smile, rosy cheeks, 2-3 small hearts floating above the head.

Cute chibi 3D-rendered mascot in exactly the same art style as the reference image: soft pastel colors, big glossy eyes, gentle rim light, smooth clean shading, very thin soft outline. One character, full body, 3/4 front view, centered, feet resting on an invisible baseline at 88% of the image height, 8% empty margin on every side. Transparent background, no ground shadow, no text, no frame, no border."
2,1,todo,01-pets-expressions,pet-snake-1-happy,초롱 아기 기뻐함,public/assets/pets/snake-1-happy.webp,1024x1024,512x512,transparent,3,high,public/assets/pets/snake-1.webp,,쓰다듬기 반응 · 야차전 승리,"The exact same little snake character as the reference (초롱, 아기 stage): keep body proportions, colors, markings and accessories identical. Change only the expression and pose: eyes closed in a big happy smile, rosy cheeks, 2-3 small hearts floating above the head.

Cute chibi 3D-rendered mascot in exactly the same art style as the reference image: soft pastel colors, big glossy eyes, gentle rim light, smooth clean shading, very thin soft outline. One character, full body, 3/4 front view, centered, feet resting on an invisible baseline at 88% of the image height, 8% empty margin on every side. Transparent background, no ground shadow, no text, no frame, no border."
2,1,todo,01-pets-expressions,pet-snake-2-happy,초롱 성장 기뻐함,public/assets/pets/snake-2-happy.webp,1024x1024,512x512,transparent,3,high,public/assets/pets/snake-2.webp,,쓰다듬기 반응 · 야차전 승리,"The exact same little snake character as the reference (초롱, 성장 stage): keep body proportions, colors, markings and accessories identical. Change only the expression and pose: eyes closed in a big happy smile, rosy cheeks, 2-3 small hearts floating above the head.

Cute chibi 3D-rendered mascot in exactly the same art style as the reference image: soft pastel colors, big glossy eyes, gentle rim light, smooth clean shading, very thin soft outline. One character, full body, 3/4 front view, centered, feet resting on an invisible baseline at 88% of the image height, 8% empty margin on every side. Transparent background, no ground shadow, no text, no frame, no border."
2,1,todo,01-pets-expressions,pet-snake-3-happy,초롱 최종 기뻐함,public/assets/pets/snake-3-happy.webp,1024x1024,512x512,transparent,3,high,public/assets/pets/snake-3.webp,,쓰다듬기 반응 · 야차전 승리,"The exact same little snake character as the reference (초롱, 최종 stage): keep body proportions, colors, markings and accessories identical. Change only the expression and pose: eyes closed in a big happy smile, rosy cheeks, 2-3 small hearts floating above the head.

Cute chibi 3D-rendered mascot in exactly the same art style as the reference image: soft pastel colors, big glossy eyes, gentle rim light, smooth clean shading, very thin soft outline. One character, full body, 3/4 front view, centered, feet resting on an invisible baseline at 88% of the image height, 8% empty margin on every side. Transparent background, no ground shadow, no text, no frame, no border."
2,1,todo,03-new-pets,pet-axolotl-0,우파 알,public/assets/pets/axolotl-0.webp,1024x1024,512x512,transparent,3,high,public/assets/pets/axolotl-2.webp ; public/assets/pets/dog-0.webp,pet-axolotl-2,새 펫 우파 알 단계,"the EGG of this character: a smooth glossy egg with its colors and a hint of its markings (e.g. stripes, scales, spots), a small crack-free surface, same size and angle as the reference egg. Character: 우파 (pink axolotl with frilly gills and a sweet smile).

Cute chibi 3D-rendered mascot in exactly the same art style as the reference image: soft pastel colors, big glossy eyes, gentle rim light, smooth clean shading, very thin soft outline. One character, full body, 3/4 front view, centered, feet resting on an invisible baseline at 88% of the image height, 8% empty margin on every side. Transparent background, no ground shadow, no text, no frame, no border."
2,1,todo,03-new-pets,pet-axolotl-1,우파 아기,public/assets/pets/axolotl-1.webp,1024x1024,512x512,transparent,3,high,public/assets/pets/axolotl-2.webp,pet-axolotl-2,새 펫 우파 아기 단계,"the BABY stage of this exact character: smaller, rounder, bigger head, very young, simpler details, same colors and markings. Character: 우파 (pink axolotl with frilly gills and a sweet smile).

Cute chibi 3D-rendered mascot in exactly the same art style as the reference image: soft pastel colors, big glossy eyes, gentle rim light, smooth clean shading, very thin soft outline. One character, full body, 3/4 front view, centered, feet resting on an invisible baseline at 88% of the image height, 8% empty margin on every side. Transparent background, no ground shadow, no text, no frame, no border."
2,1,todo,03-new-pets,pet-axolotl-3,우파 최종,public/assets/pets/axolotl-3.webp,1024x1024,512x512,transparent,3,high,public/assets/pets/axolotl-2.webp,pet-axolotl-2,새 펫 우파 최종 단계,"the FINAL evolved stage of this exact character: taller and more majestic, same face and colors, one or two elegant extra details (small cape, glowing accents or ornaments), still cute. Character: 우파 (pink axolotl with frilly gills and a sweet smile).

Cute chibi 3D-rendered mascot in exactly the same art style as the reference image: soft pastel colors, big glossy eyes, gentle rim light, smooth clean shading, very thin soft outline. One character, full body, 3/4 front view, centered, feet resting on an invisible baseline at 88% of the image height, 8% empty margin on every side. Transparent background, no ground shadow, no text, no frame, no border."
2,1,todo,03-new-pets,pet-bear-0,곰돌 알,public/assets/pets/bear-0.webp,1024x1024,512x512,transparent,3,high,public/assets/pets/bear-2.webp ; public/assets/pets/dog-0.webp,pet-bear-2,새 펫 곰돌 알 단계,"the EGG of this character: a smooth glossy egg with its colors and a hint of its markings (e.g. stripes, scales, spots), a small crack-free surface, same size and angle as the reference egg. Character: 곰돌 (brown teddy bear cub with a honey-colored belly).

Cute chibi 3D-rendered mascot in exactly the same art style as the reference image: soft pastel colors, big glossy eyes, gentle rim light, smooth clean shading, very thin soft outline. One character, full body, 3/4 front view, centered, feet resting on an invisible baseline at 88% of the image height, 8% empty margin on every side. Transparent background, no ground shadow, no text, no frame, no border."
2,1,todo,03-new-pets,pet-bear-1,곰돌 아기,public/assets/pets/bear-1.webp,1024x1024,512x512,transparent,3,high,public/assets/pets/bear-2.webp,pet-bear-2,새 펫 곰돌 아기 단계,"the BABY stage of this exact character: smaller, rounder, bigger head, very young, simpler details, same colors and markings. Character: 곰돌 (brown teddy bear cub with a honey-colored belly).

Cute chibi 3D-rendered mascot in exactly the same art style as the reference image: soft pastel colors, big glossy eyes, gentle rim light, smooth clean shading, very thin soft outline. One character, full body, 3/4 front view, centered, feet resting on an invisible baseline at 88% of the image height, 8% empty margin on every side. Transparent background, no ground shadow, no text, no frame, no border."
2,1,todo,03-new-pets,pet-bear-3,곰돌 최종,public/assets/pets/bear-3.webp,1024x1024,512x512,transparent,3,high,public/assets/pets/bear-2.webp,pet-bear-2,새 펫 곰돌 최종 단계,"the FINAL evolved stage of this exact character: taller and more majestic, same face and colors, one or two elegant extra details (small cape, glowing accents or ornaments), still cute. Character: 곰돌 (brown teddy bear cub with a honey-colored belly).

Cute chibi 3D-rendered mascot in exactly the same art style as the reference image: soft pastel colors, big glossy eyes, gentle rim light, smooth clean shading, very thin soft outline. One character, full body, 3/4 front view, centered, feet resting on an invisible baseline at 88% of the image height, 8% empty margin on every side. Transparent background, no ground shadow, no text, no frame, no border."
2,1,todo,03-new-pets,pet-hamster-0,햄찌 알,public/assets/pets/hamster-0.webp,1024x1024,512x512,transparent,3,high,public/assets/pets/hamster-2.webp ; public/assets/pets/dog-0.webp,pet-hamster-2,새 펫 햄찌 알 단계,"the EGG of this character: a smooth glossy egg with its colors and a hint of its markings (e.g. stripes, scales, spots), a small crack-free surface, same size and angle as the reference egg. Character: 햄찌 (chubby golden hamster with stuffed cheeks).

Cute chibi 3D-rendered mascot in exactly the same art style as the reference image: soft pastel colors, big glossy eyes, gentle rim light, smooth clean shading, very thin soft outline. One character, full body, 3/4 front view, centered, feet resting on an invisible baseline at 88% of the image height, 8% empty margin on every side. Transparent background, no ground shadow, no text, no frame, no border."
2,1,todo,03-new-pets,pet-hamster-1,햄찌 아기,public/assets/pets/hamster-1.webp,1024x1024,512x512,transparent,3,high,public/assets/pets/hamster-2.webp,pet-hamster-2,새 펫 햄찌 아기 단계,"the BABY stage of this exact character: smaller, rounder, bigger head, very young, simpler details, same colors and markings. Character: 햄찌 (chubby golden hamster with stuffed cheeks).

Cute chibi 3D-rendered mascot in exactly the same art style as the reference image: soft pastel colors, big glossy eyes, gentle rim light, smooth clean shading, very thin soft outline. One character, full body, 3/4 front view, centered, feet resting on an invisible baseline at 88% of the image height, 8% empty margin on every side. Transparent background, no ground shadow, no text, no frame, no border."
2,1,todo,03-new-pets,pet-hamster-3,햄찌 최종,public/assets/pets/hamster-3.webp,1024x1024,512x512,transparent,3,high,public/assets/pets/hamster-2.webp,pet-hamster-2,새 펫 햄찌 최종 단계,"the FINAL evolved stage of this exact character: taller and more majestic, same face and colors, one or two elegant extra details (small cape, glowing accents or ornaments), still cute. Character: 햄찌 (chubby golden hamster with stuffed cheeks).

Cute chibi 3D-rendered mascot in exactly the same art style as the reference image: soft pastel colors, big glossy eyes, gentle rim light, smooth clean shading, very thin soft outline. One character, full body, 3/4 front view, centered, feet resting on an invisible baseline at 88% of the image height, 8% empty margin on every side. Transparent background, no ground shadow, no text, no frame, no border."
2,1,todo,03-new-pets,pet-owl-0,부엉 알,public/assets/pets/owl-0.webp,1024x1024,512x512,transparent,3,high,public/assets/pets/owl-2.webp ; public/assets/pets/dog-0.webp,pet-owl-2,새 펫 부엉 알 단계,"the EGG of this character: a smooth glossy egg with its colors and a hint of its markings (e.g. stripes, scales, spots), a small crack-free surface, same size and angle as the reference egg. Character: 부엉 (round owlet with big study-glasses-like eye rings).

Cute chibi 3D-rendered mascot in exactly the same art style as the reference image: soft pastel colors, big glossy eyes, gentle rim light, smooth clean shading, very thin soft outline. One character, full body, 3/4 front view, centered, feet resting on an invisible baseline at 88% of the image height, 8% empty margin on every side. Transparent background, no ground shadow, no text, no frame, no border."
2,1,todo,03-new-pets,pet-owl-1,부엉 아기,public/assets/pets/owl-1.webp,1024x1024,512x512,transparent,3,high,public/assets/pets/owl-2.webp,pet-owl-2,새 펫 부엉 아기 단계,"the BABY stage of this exact character: smaller, rounder, bigger head, very young, simpler details, same colors and markings. Character: 부엉 (round owlet with big study-glasses-like eye rings).

Cute chibi 3D-rendered mascot in exactly the same art style as the reference image: soft pastel colors, big glossy eyes, gentle rim light, smooth clean shading, very thin soft outline. One character, full body, 3/4 front view, centered, feet resting on an invisible baseline at 88% of the image height, 8% empty margin on every side. Transparent background, no ground shadow, no text, no frame, no border."
2,1,todo,03-new-pets,pet-owl-3,부엉 최종,public/assets/pets/owl-3.webp,1024x1024,512x512,transparent,3,high,public/assets/pets/owl-2.webp,pet-owl-2,새 펫 부엉 최종 단계,"the FINAL evolved stage of this exact character: taller and more majestic, same face and colors, one or two elegant extra details (small cape, glowing accents or ornaments), still cute. Character: 부엉 (round owlet with big study-glasses-like eye rings).

Cute chibi 3D-rendered mascot in exactly the same art style as the reference image: soft pastel colors, big glossy eyes, gentle rim light, smooth clean shading, very thin soft outline. One character, full body, 3/4 front view, centered, feet resting on an invisible baseline at 88% of the image height, 8% empty margin on every side. Transparent background, no ground shadow, no text, no frame, no border."
2,1,todo,03-new-pets,pet-penguin-0,펭구 알,public/assets/pets/penguin-0.webp,1024x1024,512x512,transparent,3,high,public/assets/pets/penguin-2.webp ; public/assets/pets/dog-0.webp,pet-penguin-2,새 펫 펭구 알 단계,"the EGG of this character: a smooth glossy egg with its colors and a hint of its markings (e.g. stripes, scales, spots), a small crack-free surface, same size and angle as the reference egg. Character: 펭구 (baby penguin with a tiny scarf).

Cute chibi 3D-rendered mascot in exactly the same art style as the reference image: soft pastel colors, big glossy eyes, gentle rim light, smooth clean shading, very thin soft outline. One character, full body, 3/4 front view, centered, feet resting on an invisible baseline at 88% of the image height, 8% empty margin on every side. Transparent background, no ground shadow, no text, no frame, no border."
2,1,todo,03-new-pets,pet-penguin-1,펭구 아기,public/assets/pets/penguin-1.webp,1024x1024,512x512,transparent,3,high,public/assets/pets/penguin-2.webp,pet-penguin-2,새 펫 펭구 아기 단계,"the BABY stage of this exact character: smaller, rounder, bigger head, very young, simpler details, same colors and markings. Character: 펭구 (baby penguin with a tiny scarf).

Cute chibi 3D-rendered mascot in exactly the same art style as the reference image: soft pastel colors, big glossy eyes, gentle rim light, smooth clean shading, very thin soft outline. One character, full body, 3/4 front view, centered, feet resting on an invisible baseline at 88% of the image height, 8% empty margin on every side. Transparent background, no ground shadow, no text, no frame, no border."
2,1,todo,03-new-pets,pet-penguin-3,펭구 최종,public/assets/pets/penguin-3.webp,1024x1024,512x512,transparent,3,high,public/assets/pets/penguin-2.webp,pet-penguin-2,새 펫 펭구 최종 단계,"the FINAL evolved stage of this exact character: taller and more majestic, same face and colors, one or two elegant extra details (small cape, glowing accents or ornaments), still cute. Character: 펭구 (baby penguin with a tiny scarf).

Cute chibi 3D-rendered mascot in exactly the same art style as the reference image: soft pastel colors, big glossy eyes, gentle rim light, smooth clean shading, very thin soft outline. One character, full body, 3/4 front view, centered, feet resting on an invisible baseline at 88% of the image height, 8% empty margin on every side. Transparent background, no ground shadow, no text, no frame, no border."
2,1,todo,03-new-pets,pet-tiger-0,호랭 알,public/assets/pets/tiger-0.webp,1024x1024,512x512,transparent,3,high,public/assets/pets/tiger-2.webp ; public/assets/pets/dog-0.webp,pet-tiger-2,새 펫 호랭 알 단계,"the EGG of this character: a smooth glossy egg with its colors and a hint of its markings (e.g. stripes, scales, spots), a small crack-free surface, same size and angle as the reference egg. Character: 호랭 (Korean tiger cub with soft orange stripes).

Cute chibi 3D-rendered mascot in exactly the same art style as the reference image: soft pastel colors, big glossy eyes, gentle rim light, smooth clean shading, very thin soft outline. One character, full body, 3/4 front view, centered, feet resting on an invisible baseline at 88% of the image height, 8% empty margin on every side. Transparent background, no ground shadow, no text, no frame, no border."
2,1,todo,03-new-pets,pet-tiger-1,호랭 아기,public/assets/pets/tiger-1.webp,1024x1024,512x512,transparent,3,high,public/assets/pets/tiger-2.webp,pet-tiger-2,새 펫 호랭 아기 단계,"the BABY stage of this exact character: smaller, rounder, bigger head, very young, simpler details, same colors and markings. Character: 호랭 (Korean tiger cub with soft orange stripes).

Cute chibi 3D-rendered mascot in exactly the same art style as the reference image: soft pastel colors, big glossy eyes, gentle rim light, smooth clean shading, very thin soft outline. One character, full body, 3/4 front view, centered, feet resting on an invisible baseline at 88% of the image height, 8% empty margin on every side. Transparent background, no ground shadow, no text, no frame, no border."
2,1,todo,03-new-pets,pet-tiger-3,호랭 최종,public/assets/pets/tiger-3.webp,1024x1024,512x512,transparent,3,high,public/assets/pets/tiger-2.webp,pet-tiger-2,새 펫 호랭 최종 단계,"the FINAL evolved stage of this exact character: taller and more majestic, same face and colors, one or two elegant extra details (small cape, glowing accents or ornaments), still cute. Character: 호랭 (Korean tiger cub with soft orange stripes).

Cute chibi 3D-rendered mascot in exactly the same art style as the reference image: soft pastel colors, big glossy eyes, gentle rim light, smooth clean shading, very thin soft outline. One character, full body, 3/4 front view, centered, feet resting on an invisible baseline at 88% of the image height, 8% empty margin on every side. Transparent background, no ground shadow, no text, no frame, no border."
2,1,todo,03-new-pets,pet-turtle-0,꼬북 알,public/assets/pets/turtle-0.webp,1024x1024,512x512,transparent,3,high,public/assets/pets/turtle-2.webp ; public/assets/pets/dog-0.webp,pet-turtle-2,새 펫 꼬북 알 단계,"the EGG of this character: a smooth glossy egg with its colors and a hint of its markings (e.g. stripes, scales, spots), a small crack-free surface, same size and angle as the reference egg. Character: 꼬북 (sea turtle with a glossy mint shell).

Cute chibi 3D-rendered mascot in exactly the same art style as the reference image: soft pastel colors, big glossy eyes, gentle rim light, smooth clean shading, very thin soft outline. One character, full body, 3/4 front view, centered, feet resting on an invisible baseline at 88% of the image height, 8% empty margin on every side. Transparent background, no ground shadow, no text, no frame, no border."
2,1,todo,03-new-pets,pet-turtle-1,꼬북 아기,public/assets/pets/turtle-1.webp,1024x1024,512x512,transparent,3,high,public/assets/pets/turtle-2.webp,pet-turtle-2,새 펫 꼬북 아기 단계,"the BABY stage of this exact character: smaller, rounder, bigger head, very young, simpler details, same colors and markings. Character: 꼬북 (sea turtle with a glossy mint shell).

Cute chibi 3D-rendered mascot in exactly the same art style as the reference image: soft pastel colors, big glossy eyes, gentle rim light, smooth clean shading, very thin soft outline. One character, full body, 3/4 front view, centered, feet resting on an invisible baseline at 88% of the image height, 8% empty margin on every side. Transparent background, no ground shadow, no text, no frame, no border."
2,1,todo,03-new-pets,pet-turtle-3,꼬북 최종,public/assets/pets/turtle-3.webp,1024x1024,512x512,transparent,3,high,public/assets/pets/turtle-2.webp,pet-turtle-2,새 펫 꼬북 최종 단계,"the FINAL evolved stage of this exact character: taller and more majestic, same face and colors, one or two elegant extra details (small cape, glowing accents or ornaments), still cute. Character: 꼬북 (sea turtle with a glossy mint shell).

Cute chibi 3D-rendered mascot in exactly the same art style as the reference image: soft pastel colors, big glossy eyes, gentle rim light, smooth clean shading, very thin soft outline. One character, full body, 3/4 front view, centered, feet resting on an invisible baseline at 88% of the image height, 8% empty margin on every side. Transparent background, no ground shadow, no text, no frame, no border."
2,1,todo,03-new-pets,pet-unicorn-0,유니 알,public/assets/pets/unicorn-0.webp,1024x1024,512x512,transparent,3,high,public/assets/pets/unicorn-2.webp ; public/assets/pets/dog-0.webp,pet-unicorn-2,새 펫 유니 알 단계,"the EGG of this character: a smooth glossy egg with its colors and a hint of its markings (e.g. stripes, scales, spots), a small crack-free surface, same size and angle as the reference egg. Character: 유니 (pastel unicorn foal with a rainbow mane and small star horn).

Cute chibi 3D-rendered mascot in exactly the same art style as the reference image: soft pastel colors, big glossy eyes, gentle rim light, smooth clean shading, very thin soft outline. One character, full body, 3/4 front view, centered, feet resting on an invisible baseline at 88% of the image height, 8% empty margin on every side. Transparent background, no ground shadow, no text, no frame, no border."
2,1,todo,03-new-pets,pet-unicorn-1,유니 아기,public/assets/pets/unicorn-1.webp,1024x1024,512x512,transparent,3,high,public/assets/pets/unicorn-2.webp,pet-unicorn-2,새 펫 유니 아기 단계,"the BABY stage of this exact character: smaller, rounder, bigger head, very young, simpler details, same colors and markings. Character: 유니 (pastel unicorn foal with a rainbow mane and small star horn).

Cute chibi 3D-rendered mascot in exactly the same art style as the reference image: soft pastel colors, big glossy eyes, gentle rim light, smooth clean shading, very thin soft outline. One character, full body, 3/4 front view, centered, feet resting on an invisible baseline at 88% of the image height, 8% empty margin on every side. Transparent background, no ground shadow, no text, no frame, no border."
2,1,todo,03-new-pets,pet-unicorn-3,유니 최종,public/assets/pets/unicorn-3.webp,1024x1024,512x512,transparent,3,high,public/assets/pets/unicorn-2.webp,pet-unicorn-2,새 펫 유니 최종 단계,"the FINAL evolved stage of this exact character: taller and more majestic, same face and colors, one or two elegant extra details (small cape, glowing accents or ornaments), still cute. Character: 유니 (pastel unicorn foal with a rainbow mane and small star horn).

Cute chibi 3D-rendered mascot in exactly the same art style as the reference image: soft pastel colors, big glossy eyes, gentle rim light, smooth clean shading, very thin soft outline. One character, full body, 3/4 front view, centered, feet resting on an invisible baseline at 88% of the image height, 8% empty margin on every side. Transparent background, no ground shadow, no text, no frame, no border."
2,2,todo,01-pets-expressions,pet-cat-1-eat,나비 아기 냠냠,public/assets/pets/cat-1-eat.webp,1024x1024,512x512,transparent,3,high,public/assets/pets/cat-1.webp,,밥 주기 반응,"The exact same kitten character as the reference (나비, 아기 stage): keep body proportions, colors, markings and accessories identical. Change only the expression and pose: happily eating from a small round food bowl held in front, cheeks puffed, a few crumbs, eyes curved in joy.

Cute chibi 3D-rendered mascot in exactly the same art style as the reference image: soft pastel colors, big glossy eyes, gentle rim light, smooth clean shading, very thin soft outline. One character, full body, 3/4 front view, centered, feet resting on an invisible baseline at 88% of the image height, 8% empty margin on every side. Transparent background, no ground shadow, no text, no frame, no border."
2,2,todo,01-pets-expressions,pet-cat-2-eat,나비 성장 냠냠,public/assets/pets/cat-2-eat.webp,1024x1024,512x512,transparent,3,high,public/assets/pets/cat-2.webp,,밥 주기 반응,"The exact same kitten character as the reference (나비, 성장 stage): keep body proportions, colors, markings and accessories identical. Change only the expression and pose: happily eating from a small round food bowl held in front, cheeks puffed, a few crumbs, eyes curved in joy.

Cute chibi 3D-rendered mascot in exactly the same art style as the reference image: soft pastel colors, big glossy eyes, gentle rim light, smooth clean shading, very thin soft outline. One character, full body, 3/4 front view, centered, feet resting on an invisible baseline at 88% of the image height, 8% empty margin on every side. Transparent background, no ground shadow, no text, no frame, no border."
2,2,todo,01-pets-expressions,pet-cat-3-eat,나비 최종 냠냠,public/assets/pets/cat-3-eat.webp,1024x1024,512x512,transparent,3,high,public/assets/pets/cat-3.webp,,밥 주기 반응,"The exact same kitten character as the reference (나비, 최종 stage): keep body proportions, colors, markings and accessories identical. Change only the expression and pose: happily eating from a small round food bowl held in front, cheeks puffed, a few crumbs, eyes curved in joy.

Cute chibi 3D-rendered mascot in exactly the same art style as the reference image: soft pastel colors, big glossy eyes, gentle rim light, smooth clean shading, very thin soft outline. One character, full body, 3/4 front view, centered, feet resting on an invisible baseline at 88% of the image height, 8% empty margin on every side. Transparent background, no ground shadow, no text, no frame, no border."
2,2,todo,01-pets-expressions,pet-dog-1-eat,몽이 아기 냠냠,public/assets/pets/dog-1-eat.webp,1024x1024,512x512,transparent,3,high,public/assets/pets/dog-1.webp,,밥 주기 반응,"The exact same puppy character as the reference (몽이, 아기 stage): keep body proportions, colors, markings and accessories identical. Change only the expression and pose: happily eating from a small round food bowl held in front, cheeks puffed, a few crumbs, eyes curved in joy.

Cute chibi 3D-rendered mascot in exactly the same art style as the reference image: soft pastel colors, big glossy eyes, gentle rim light, smooth clean shading, very thin soft outline. One character, full body, 3/4 front view, centered, feet resting on an invisible baseline at 88% of the image height, 8% empty margin on every side. Transparent background, no ground shadow, no text, no frame, no border."
2,2,todo,01-pets-expressions,pet-dog-2-eat,몽이 성장 냠냠,public/assets/pets/dog-2-eat.webp,1024x1024,512x512,transparent,3,high,public/assets/pets/dog-2.webp,,밥 주기 반응,"The exact same puppy character as the reference (몽이, 성장 stage): keep body proportions, colors, markings and accessories identical. Change only the expression and pose: happily eating from a small round food bowl held in front, cheeks puffed, a few crumbs, eyes curved in joy.

Cute chibi 3D-rendered mascot in exactly the same art style as the reference image: soft pastel colors, big glossy eyes, gentle rim light, smooth clean shading, very thin soft outline. One character, full body, 3/4 front view, centered, feet resting on an invisible baseline at 88% of the image height, 8% empty margin on every side. Transparent background, no ground shadow, no text, no frame, no border."
2,2,todo,01-pets-expressions,pet-dog-3-eat,몽이 최종 냠냠,public/assets/pets/dog-3-eat.webp,1024x1024,512x512,transparent,3,high,public/assets/pets/dog-3.webp,,밥 주기 반응,"The exact same puppy character as the reference (몽이, 최종 stage): keep body proportions, colors, markings and accessories identical. Change only the expression and pose: happily eating from a small round food bowl held in front, cheeks puffed, a few crumbs, eyes curved in joy.

Cute chibi 3D-rendered mascot in exactly the same art style as the reference image: soft pastel colors, big glossy eyes, gentle rim light, smooth clean shading, very thin soft outline. One character, full body, 3/4 front view, centered, feet resting on an invisible baseline at 88% of the image height, 8% empty margin on every side. Transparent background, no ground shadow, no text, no frame, no border."
2,2,todo,01-pets-expressions,pet-dragon-1-eat,용이 아기 냠냠,public/assets/pets/dragon-1-eat.webp,1024x1024,512x512,transparent,3,high,public/assets/pets/dragon-1.webp,,밥 주기 반응,"The exact same baby dragon character as the reference (용이, 아기 stage): keep body proportions, colors, markings and accessories identical. Change only the expression and pose: happily eating from a small round food bowl held in front, cheeks puffed, a few crumbs, eyes curved in joy.

Cute chibi 3D-rendered mascot in exactly the same art style as the reference image: soft pastel colors, big glossy eyes, gentle rim light, smooth clean shading, very thin soft outline. One character, full body, 3/4 front view, centered, feet resting on an invisible baseline at 88% of the image height, 8% empty margin on every side. Transparent background, no ground shadow, no text, no frame, no border."
2,2,todo,01-pets-expressions,pet-dragon-2-eat,용이 성장 냠냠,public/assets/pets/dragon-2-eat.webp,1024x1024,512x512,transparent,3,high,public/assets/pets/dragon-2.webp,,밥 주기 반응,"The exact same baby dragon character as the reference (용이, 성장 stage): keep body proportions, colors, markings and accessories identical. Change only the expression and pose: happily eating from a small round food bowl held in front, cheeks puffed, a few crumbs, eyes curved in joy.

Cute chibi 3D-rendered mascot in exactly the same art style as the reference image: soft pastel colors, big glossy eyes, gentle rim light, smooth clean shading, very thin soft outline. One character, full body, 3/4 front view, centered, feet resting on an invisible baseline at 88% of the image height, 8% empty margin on every side. Transparent background, no ground shadow, no text, no frame, no border."
2,2,todo,01-pets-expressions,pet-dragon-3-eat,용이 최종 냠냠,public/assets/pets/dragon-3-eat.webp,1024x1024,512x512,transparent,3,high,public/assets/pets/dragon-3.webp,,밥 주기 반응,"The exact same baby dragon character as the reference (용이, 최종 stage): keep body proportions, colors, markings and accessories identical. Change only the expression and pose: happily eating from a small round food bowl held in front, cheeks puffed, a few crumbs, eyes curved in joy.

Cute chibi 3D-rendered mascot in exactly the same art style as the reference image: soft pastel colors, big glossy eyes, gentle rim light, smooth clean shading, very thin soft outline. One character, full body, 3/4 front view, centered, feet resting on an invisible baseline at 88% of the image height, 8% empty margin on every side. Transparent background, no ground shadow, no text, no frame, no border."
2,2,todo,01-pets-expressions,pet-fox-1-eat,호야 아기 냠냠,public/assets/pets/fox-1-eat.webp,1024x1024,512x512,transparent,3,high,public/assets/pets/fox-1.webp,,밥 주기 반응,"The exact same fox character as the reference (호야, 아기 stage): keep body proportions, colors, markings and accessories identical. Change only the expression and pose: happily eating from a small round food bowl held in front, cheeks puffed, a few crumbs, eyes curved in joy.

Cute chibi 3D-rendered mascot in exactly the same art style as the reference image: soft pastel colors, big glossy eyes, gentle rim light, smooth clean shading, very thin soft outline. One character, full body, 3/4 front view, centered, feet resting on an invisible baseline at 88% of the image height, 8% empty margin on every side. Transparent background, no ground shadow, no text, no frame, no border."
2,2,todo,01-pets-expressions,pet-fox-2-eat,호야 성장 냠냠,public/assets/pets/fox-2-eat.webp,1024x1024,512x512,transparent,3,high,public/assets/pets/fox-2.webp,,밥 주기 반응,"The exact same fox character as the reference (호야, 성장 stage): keep body proportions, colors, markings and accessories identical. Change only the expression and pose: happily eating from a small round food bowl held in front, cheeks puffed, a few crumbs, eyes curved in joy.

Cute chibi 3D-rendered mascot in exactly the same art style as the reference image: soft pastel colors, big glossy eyes, gentle rim light, smooth clean shading, very thin soft outline. One character, full body, 3/4 front view, centered, feet resting on an invisible baseline at 88% of the image height, 8% empty margin on every side. Transparent background, no ground shadow, no text, no frame, no border."
2,2,todo,01-pets-expressions,pet-fox-3-eat,호야 최종 냠냠,public/assets/pets/fox-3-eat.webp,1024x1024,512x512,transparent,3,high,public/assets/pets/fox-3.webp,,밥 주기 반응,"The exact same fox character as the reference (호야, 최종 stage): keep body proportions, colors, markings and accessories identical. Change only the expression and pose: happily eating from a small round food bowl held in front, cheeks puffed, a few crumbs, eyes curved in joy.

Cute chibi 3D-rendered mascot in exactly the same art style as the reference image: soft pastel colors, big glossy eyes, gentle rim light, smooth clean shading, very thin soft outline. One character, full body, 3/4 front view, centered, feet resting on an invisible baseline at 88% of the image height, 8% empty margin on every side. Transparent background, no ground shadow, no text, no frame, no border."
2,2,todo,01-pets-expressions,pet-panda-1-eat,밤부 아기 냠냠,public/assets/pets/panda-1-eat.webp,1024x1024,512x512,transparent,3,high,public/assets/pets/panda-1.webp,,밥 주기 반응,"The exact same panda character as the reference (밤부, 아기 stage): keep body proportions, colors, markings and accessories identical. Change only the expression and pose: happily eating from a small round food bowl held in front, cheeks puffed, a few crumbs, eyes curved in joy.

Cute chibi 3D-rendered mascot in exactly the same art style as the reference image: soft pastel colors, big glossy eyes, gentle rim light, smooth clean shading, very thin soft outline. One character, full body, 3/4 front view, centered, feet resting on an invisible baseline at 88% of the image height, 8% empty margin on every side. Transparent background, no ground shadow, no text, no frame, no border."
2,2,todo,01-pets-expressions,pet-panda-2-eat,밤부 성장 냠냠,public/assets/pets/panda-2-eat.webp,1024x1024,512x512,transparent,3,high,public/assets/pets/panda-2.webp,,밥 주기 반응,"The exact same panda character as the reference (밤부, 성장 stage): keep body proportions, colors, markings and accessories identical. Change only the expression and pose: happily eating from a small round food bowl held in front, cheeks puffed, a few crumbs, eyes curved in joy.

Cute chibi 3D-rendered mascot in exactly the same art style as the reference image: soft pastel colors, big glossy eyes, gentle rim light, smooth clean shading, very thin soft outline. One character, full body, 3/4 front view, centered, feet resting on an invisible baseline at 88% of the image height, 8% empty margin on every side. Transparent background, no ground shadow, no text, no frame, no border."
2,2,todo,01-pets-expressions,pet-panda-3-eat,밤부 최종 냠냠,public/assets/pets/panda-3-eat.webp,1024x1024,512x512,transparent,3,high,public/assets/pets/panda-3.webp,,밥 주기 반응,"The exact same panda character as the reference (밤부, 최종 stage): keep body proportions, colors, markings and accessories identical. Change only the expression and pose: happily eating from a small round food bowl held in front, cheeks puffed, a few crumbs, eyes curved in joy.

Cute chibi 3D-rendered mascot in exactly the same art style as the reference image: soft pastel colors, big glossy eyes, gentle rim light, smooth clean shading, very thin soft outline. One character, full body, 3/4 front view, centered, feet resting on an invisible baseline at 88% of the image height, 8% empty margin on every side. Transparent background, no ground shadow, no text, no frame, no border."
2,2,todo,01-pets-expressions,pet-pig-1-eat,핑키 아기 냠냠,public/assets/pets/pig-1-eat.webp,1024x1024,512x512,transparent,3,high,public/assets/pets/pig-1.webp,,밥 주기 반응,"The exact same piglet character as the reference (핑키, 아기 stage): keep body proportions, colors, markings and accessories identical. Change only the expression and pose: happily eating from a small round food bowl held in front, cheeks puffed, a few crumbs, eyes curved in joy.

Cute chibi 3D-rendered mascot in exactly the same art style as the reference image: soft pastel colors, big glossy eyes, gentle rim light, smooth clean shading, very thin soft outline. One character, full body, 3/4 front view, centered, feet resting on an invisible baseline at 88% of the image height, 8% empty margin on every side. Transparent background, no ground shadow, no text, no frame, no border."
2,2,todo,01-pets-expressions,pet-pig-2-eat,핑키 성장 냠냠,public/assets/pets/pig-2-eat.webp,1024x1024,512x512,transparent,3,high,public/assets/pets/pig-2.webp,,밥 주기 반응,"The exact same piglet character as the reference (핑키, 성장 stage): keep body proportions, colors, markings and accessories identical. Change only the expression and pose: happily eating from a small round food bowl held in front, cheeks puffed, a few crumbs, eyes curved in joy.

Cute chibi 3D-rendered mascot in exactly the same art style as the reference image: soft pastel colors, big glossy eyes, gentle rim light, smooth clean shading, very thin soft outline. One character, full body, 3/4 front view, centered, feet resting on an invisible baseline at 88% of the image height, 8% empty margin on every side. Transparent background, no ground shadow, no text, no frame, no border."
2,2,todo,01-pets-expressions,pet-pig-3-eat,핑키 최종 냠냠,public/assets/pets/pig-3-eat.webp,1024x1024,512x512,transparent,3,high,public/assets/pets/pig-3.webp,,밥 주기 반응,"The exact same piglet character as the reference (핑키, 최종 stage): keep body proportions, colors, markings and accessories identical. Change only the expression and pose: happily eating from a small round food bowl held in front, cheeks puffed, a few crumbs, eyes curved in joy.

Cute chibi 3D-rendered mascot in exactly the same art style as the reference image: soft pastel colors, big glossy eyes, gentle rim light, smooth clean shading, very thin soft outline. One character, full body, 3/4 front view, centered, feet resting on an invisible baseline at 88% of the image height, 8% empty margin on every side. Transparent background, no ground shadow, no text, no frame, no border."
2,2,todo,01-pets-expressions,pet-rabbit-1-eat,토리 아기 냠냠,public/assets/pets/rabbit-1-eat.webp,1024x1024,512x512,transparent,3,high,public/assets/pets/rabbit-1.webp,,밥 주기 반응,"The exact same bunny character as the reference (토리, 아기 stage): keep body proportions, colors, markings and accessories identical. Change only the expression and pose: happily eating from a small round food bowl held in front, cheeks puffed, a few crumbs, eyes curved in joy.

Cute chibi 3D-rendered mascot in exactly the same art style as the reference image: soft pastel colors, big glossy eyes, gentle rim light, smooth clean shading, very thin soft outline. One character, full body, 3/4 front view, centered, feet resting on an invisible baseline at 88% of the image height, 8% empty margin on every side. Transparent background, no ground shadow, no text, no frame, no border."
2,2,todo,01-pets-expressions,pet-rabbit-2-eat,토리 성장 냠냠,public/assets/pets/rabbit-2-eat.webp,1024x1024,512x512,transparent,3,high,public/assets/pets/rabbit-2.webp,,밥 주기 반응,"The exact same bunny character as the reference (토리, 성장 stage): keep body proportions, colors, markings and accessories identical. Change only the expression and pose: happily eating from a small round food bowl held in front, cheeks puffed, a few crumbs, eyes curved in joy.

Cute chibi 3D-rendered mascot in exactly the same art style as the reference image: soft pastel colors, big glossy eyes, gentle rim light, smooth clean shading, very thin soft outline. One character, full body, 3/4 front view, centered, feet resting on an invisible baseline at 88% of the image height, 8% empty margin on every side. Transparent background, no ground shadow, no text, no frame, no border."
2,2,todo,01-pets-expressions,pet-rabbit-3-eat,토리 최종 냠냠,public/assets/pets/rabbit-3-eat.webp,1024x1024,512x512,transparent,3,high,public/assets/pets/rabbit-3.webp,,밥 주기 반응,"The exact same bunny character as the reference (토리, 최종 stage): keep body proportions, colors, markings and accessories identical. Change only the expression and pose: happily eating from a small round food bowl held in front, cheeks puffed, a few crumbs, eyes curved in joy.

Cute chibi 3D-rendered mascot in exactly the same art style as the reference image: soft pastel colors, big glossy eyes, gentle rim light, smooth clean shading, very thin soft outline. One character, full body, 3/4 front view, centered, feet resting on an invisible baseline at 88% of the image height, 8% empty margin on every side. Transparent background, no ground shadow, no text, no frame, no border."
2,2,todo,01-pets-expressions,pet-snake-1-eat,초롱 아기 냠냠,public/assets/pets/snake-1-eat.webp,1024x1024,512x512,transparent,3,high,public/assets/pets/snake-1.webp,,밥 주기 반응,"The exact same little snake character as the reference (초롱, 아기 stage): keep body proportions, colors, markings and accessories identical. Change only the expression and pose: happily eating from a small round food bowl held in front, cheeks puffed, a few crumbs, eyes curved in joy.

Cute chibi 3D-rendered mascot in exactly the same art style as the reference image: soft pastel colors, big glossy eyes, gentle rim light, smooth clean shading, very thin soft outline. One character, full body, 3/4 front view, centered, feet resting on an invisible baseline at 88% of the image height, 8% empty margin on every side. Transparent background, no ground shadow, no text, no frame, no border."
2,2,todo,01-pets-expressions,pet-snake-2-eat,초롱 성장 냠냠,public/assets/pets/snake-2-eat.webp,1024x1024,512x512,transparent,3,high,public/assets/pets/snake-2.webp,,밥 주기 반응,"The exact same little snake character as the reference (초롱, 성장 stage): keep body proportions, colors, markings and accessories identical. Change only the expression and pose: happily eating from a small round food bowl held in front, cheeks puffed, a few crumbs, eyes curved in joy.

Cute chibi 3D-rendered mascot in exactly the same art style as the reference image: soft pastel colors, big glossy eyes, gentle rim light, smooth clean shading, very thin soft outline. One character, full body, 3/4 front view, centered, feet resting on an invisible baseline at 88% of the image height, 8% empty margin on every side. Transparent background, no ground shadow, no text, no frame, no border."
2,2,todo,01-pets-expressions,pet-snake-3-eat,초롱 최종 냠냠,public/assets/pets/snake-3-eat.webp,1024x1024,512x512,transparent,3,high,public/assets/pets/snake-3.webp,,밥 주기 반응,"The exact same little snake character as the reference (초롱, 최종 stage): keep body proportions, colors, markings and accessories identical. Change only the expression and pose: happily eating from a small round food bowl held in front, cheeks puffed, a few crumbs, eyes curved in joy.

Cute chibi 3D-rendered mascot in exactly the same art style as the reference image: soft pastel colors, big glossy eyes, gentle rim light, smooth clean shading, very thin soft outline. One character, full body, 3/4 front view, centered, feet resting on an invisible baseline at 88% of the image height, 8% empty margin on every side. Transparent background, no ground shadow, no text, no frame, no border."
2,2,todo,06-ui-icons,ui-attendance,출석,public/assets/ui/attendance.webp,1024x1024,256x256,transparent,3,high,public/assets/ui/trophy.webp,,출석 체크,"a calendar page with a big mint check stamp

Glossy 3D game UI icon, one object only, slight top-down front view, soft pastel palette with SUMUS mint green (#10B981) accents, clean edges readable at 48px, centered with 10% margin. Transparent background, no text, no letters."
2,2,todo,06-ui-icons,ui-bell,알림,public/assets/ui/bell.webp,1024x1024,256x256,transparent,3,high,public/assets/ui/trophy.webp,,알림 켜기 🔔,"a golden bell with a small paw print, two ringing lines

Glossy 3D game UI icon, one object only, slight top-down front view, soft pastel palette with SUMUS mint green (#10B981) accents, clean edges readable at 48px, centered with 10% margin. Transparent background, no text, no letters."
2,2,todo,06-ui-icons,ui-care-feed,밥 주기,public/assets/ui/care-feed.webp,1024x1024,256x256,transparent,3,high,public/assets/ui/trophy.webp,,교감 버튼 🍖,"a round pet food bowl piled with kibble and a small bone-shaped cookie, a little steam

Glossy 3D game UI icon, one object only, slight top-down front view, soft pastel palette with SUMUS mint green (#10B981) accents, clean edges readable at 48px, centered with 10% margin. Transparent background, no text, no letters."
2,2,todo,06-ui-icons,ui-care-pet,쓰다듬기,public/assets/ui/care-pet.webp,1024x1024,256x256,transparent,3,high,public/assets/ui/trophy.webp,,교감 버튼 🤚,"one soft round open palm with two small hearts and curved petting motion lines

Glossy 3D game UI icon, one object only, slight top-down front view, soft pastel palette with SUMUS mint green (#10B981) accents, clean edges readable at 48px, centered with 10% margin. Transparent background, no text, no letters."
2,2,todo,06-ui-icons,ui-care-warm,알 데워주기,public/assets/ui/care-warm.webp,1024x1024,256x256,transparent,3,high,public/assets/ui/trophy.webp,,알 단계 교감 🔥,"an egg wrapped in a cozy mint blanket with a tiny warm sun glow

Glossy 3D game UI icon, one object only, slight top-down front view, soft pastel palette with SUMUS mint green (#10B981) accents, clean edges readable at 48px, centered with 10% margin. Transparent background, no text, no letters."
2,2,todo,06-ui-icons,ui-coin,코인,public/assets/ui/coin.webp,1024x1024,256x256,transparent,3,high,public/assets/ui/trophy.webp,,코인 표시,"a shiny gold coin with a mint S-shaped swirl engraved (no letters)

Glossy 3D game UI icon, one object only, slight top-down front view, soft pastel palette with SUMUS mint green (#10B981) accents, clean edges readable at 48px, centered with 10% margin. Transparent background, no text, no letters."
2,2,todo,06-ui-icons,ui-egg-shop,알 상점,public/assets/ui/egg-shop.webp,1024x1024,256x256,transparent,3,high,public/assets/ui/trophy.webp,,알 상점,"a small shop stand with three colorful eggs on a cushion

Glossy 3D game UI icon, one object only, slight top-down front view, soft pastel palette with SUMUS mint green (#10B981) accents, clean edges readable at 48px, centered with 10% margin. Transparent background, no text, no letters."
2,2,todo,06-ui-icons,ui-gift,선물 상자,public/assets/ui/gift.webp,1024x1024,256x256,transparent,3,high,public/assets/ui/trophy.webp,,선물 도착,"a pastel gift box with a mint ribbon, lid slightly lifted with sparkles

Glossy 3D game UI icon, one object only, slight top-down front view, soft pastel palette with SUMUS mint green (#10B981) accents, clean edges readable at 48px, centered with 10% margin. Transparent background, no text, no letters."
2,2,todo,06-ui-icons,ui-install,앱 설치,public/assets/ui/install.webp,1024x1024,256x256,transparent,3,high,public/assets/ui/trophy.webp,,/install,"a phone with a mint app icon popping out and a small download arrow

Glossy 3D game UI icon, one object only, slight top-down front view, soft pastel palette with SUMUS mint green (#10B981) accents, clean edges readable at 48px, centered with 10% margin. Transparent background, no text, no letters."
2,2,todo,06-ui-icons,ui-leave-warn,화면 이탈,public/assets/ui/leave-warn.webp,1024x1024,256x256,transparent,3,high,public/assets/ui/trophy.webp,,📵 경고,"an orange smartphone with a small cute exclamation sign, warning but friendly

Glossy 3D game UI icon, one object only, slight top-down front view, soft pastel palette with SUMUS mint green (#10B981) accents, clean edges readable at 48px, centered with 10% margin. Transparent background, no text, no letters."
2,2,todo,06-ui-icons,ui-notice,선생님 공지,public/assets/ui/notice.webp,1024x1024,256x256,transparent,3,high,public/assets/ui/trophy.webp,,공지 📢,"a mint megaphone with small sparkles

Glossy 3D game UI icon, one object only, slight top-down front view, soft pastel palette with SUMUS mint green (#10B981) accents, clean edges readable at 48px, centered with 10% margin. Transparent background, no text, no letters."
2,2,todo,06-ui-icons,ui-star-word,어려운 단어,public/assets/ui/star-word.webp,1024x1024,256x256,transparent,3,high,public/assets/ui/trophy.webp,,★ 모아서 연습,"a chubby golden star badge with a soft shine

Glossy 3D game UI icon, one object only, slight top-down front view, soft pastel palette with SUMUS mint green (#10B981) accents, clean edges readable at 48px, centered with 10% margin. Transparent background, no text, no letters."
2,2,todo,06-ui-icons,ui-stopwatch,실전 시간,public/assets/ui/stopwatch.webp,1024x1024,256x256,transparent,3,high,public/assets/ui/trophy.webp,,실전시험 초시계,"a mint stopwatch with motion lines on the hand

Glossy 3D game UI icon, one object only, slight top-down front view, soft pastel palette with SUMUS mint green (#10B981) accents, clean edges readable at 48px, centered with 10% margin. Transparent background, no text, no letters."
2,2,todo,06-ui-icons,ui-streak,연속 학습,public/assets/ui/streak.webp,1024x1024,256x256,transparent,3,high,public/assets/ui/trophy.webp,,연속 학습 🔥,"a friendly flame with a tiny smile

Glossy 3D game UI icon, one object only, slight top-down front view, soft pastel palette with SUMUS mint green (#10B981) accents, clean edges readable at 48px, centered with 10% margin. Transparent background, no text, no letters."
2,2,todo,06-ui-icons,ui-xp,경험치,public/assets/ui/xp.webp,1024x1024,256x256,transparent,3,high,public/assets/ui/trophy.webp,,경험치 표시,"a glowing mint crystal shard with sparkles

Glossy 3D game UI icon, one object only, slight top-down front view, soft pastel palette with SUMUS mint green (#10B981) accents, clean edges readable at 48px, centered with 10% margin. Transparent background, no text, no letters."
2,3,todo,01-pets-expressions,pet-cat-1-cheer,나비 아기 응원,public/assets/pets/cat-1-cheer.webp,1024x1024,512x512,transparent,3,high,public/assets/pets/cat-1.webp,,야차전 공격 · 학습 시작,"The exact same kitten character as the reference (나비, 아기 stage): keep body proportions, colors, markings and accessories identical. Change only the expression and pose: energetic cheering pose with one arm (or paw/wing/tail) raised high, determined sparkling eyes, small motion sparkles.

Cute chibi 3D-rendered mascot in exactly the same art style as the reference image: soft pastel colors, big glossy eyes, gentle rim light, smooth clean shading, very thin soft outline. One character, full body, 3/4 front view, centered, feet resting on an invisible baseline at 88% of the image height, 8% empty margin on every side. Transparent background, no ground shadow, no text, no frame, no border."
2,3,todo,01-pets-expressions,pet-cat-1-sad,나비 아기 시무룩,public/assets/pets/cat-1-sad.webp,1024x1024,512x512,transparent,3,high,public/assets/pets/cat-1.webp,,야차전 패배 · 오래 쉬었을 때,"The exact same kitten character as the reference (나비, 아기 stage): keep body proportions, colors, markings and accessories identical. Change only the expression and pose: slightly sad pouty face with teary sparkling eyes, ears/head drooping a little, still cute (not crying hard).

Cute chibi 3D-rendered mascot in exactly the same art style as the reference image: soft pastel colors, big glossy eyes, gentle rim light, smooth clean shading, very thin soft outline. One character, full body, 3/4 front view, centered, feet resting on an invisible baseline at 88% of the image height, 8% empty margin on every side. Transparent background, no ground shadow, no text, no frame, no border."
2,3,todo,01-pets-expressions,pet-cat-2-cheer,나비 성장 응원,public/assets/pets/cat-2-cheer.webp,1024x1024,512x512,transparent,3,high,public/assets/pets/cat-2.webp,,야차전 공격 · 학습 시작,"The exact same kitten character as the reference (나비, 성장 stage): keep body proportions, colors, markings and accessories identical. Change only the expression and pose: energetic cheering pose with one arm (or paw/wing/tail) raised high, determined sparkling eyes, small motion sparkles.

Cute chibi 3D-rendered mascot in exactly the same art style as the reference image: soft pastel colors, big glossy eyes, gentle rim light, smooth clean shading, very thin soft outline. One character, full body, 3/4 front view, centered, feet resting on an invisible baseline at 88% of the image height, 8% empty margin on every side. Transparent background, no ground shadow, no text, no frame, no border."
2,3,todo,01-pets-expressions,pet-cat-2-sad,나비 성장 시무룩,public/assets/pets/cat-2-sad.webp,1024x1024,512x512,transparent,3,high,public/assets/pets/cat-2.webp,,야차전 패배 · 오래 쉬었을 때,"The exact same kitten character as the reference (나비, 성장 stage): keep body proportions, colors, markings and accessories identical. Change only the expression and pose: slightly sad pouty face with teary sparkling eyes, ears/head drooping a little, still cute (not crying hard).

Cute chibi 3D-rendered mascot in exactly the same art style as the reference image: soft pastel colors, big glossy eyes, gentle rim light, smooth clean shading, very thin soft outline. One character, full body, 3/4 front view, centered, feet resting on an invisible baseline at 88% of the image height, 8% empty margin on every side. Transparent background, no ground shadow, no text, no frame, no border."
2,3,todo,01-pets-expressions,pet-cat-3-cheer,나비 최종 응원,public/assets/pets/cat-3-cheer.webp,1024x1024,512x512,transparent,3,high,public/assets/pets/cat-3.webp,,야차전 공격 · 학습 시작,"The exact same kitten character as the reference (나비, 최종 stage): keep body proportions, colors, markings and accessories identical. Change only the expression and pose: energetic cheering pose with one arm (or paw/wing/tail) raised high, determined sparkling eyes, small motion sparkles.

Cute chibi 3D-rendered mascot in exactly the same art style as the reference image: soft pastel colors, big glossy eyes, gentle rim light, smooth clean shading, very thin soft outline. One character, full body, 3/4 front view, centered, feet resting on an invisible baseline at 88% of the image height, 8% empty margin on every side. Transparent background, no ground shadow, no text, no frame, no border."
2,3,todo,01-pets-expressions,pet-cat-3-sad,나비 최종 시무룩,public/assets/pets/cat-3-sad.webp,1024x1024,512x512,transparent,3,high,public/assets/pets/cat-3.webp,,야차전 패배 · 오래 쉬었을 때,"The exact same kitten character as the reference (나비, 최종 stage): keep body proportions, colors, markings and accessories identical. Change only the expression and pose: slightly sad pouty face with teary sparkling eyes, ears/head drooping a little, still cute (not crying hard).

Cute chibi 3D-rendered mascot in exactly the same art style as the reference image: soft pastel colors, big glossy eyes, gentle rim light, smooth clean shading, very thin soft outline. One character, full body, 3/4 front view, centered, feet resting on an invisible baseline at 88% of the image height, 8% empty margin on every side. Transparent background, no ground shadow, no text, no frame, no border."
2,3,todo,01-pets-expressions,pet-dog-1-cheer,몽이 아기 응원,public/assets/pets/dog-1-cheer.webp,1024x1024,512x512,transparent,3,high,public/assets/pets/dog-1.webp,,야차전 공격 · 학습 시작,"The exact same puppy character as the reference (몽이, 아기 stage): keep body proportions, colors, markings and accessories identical. Change only the expression and pose: energetic cheering pose with one arm (or paw/wing/tail) raised high, determined sparkling eyes, small motion sparkles.

Cute chibi 3D-rendered mascot in exactly the same art style as the reference image: soft pastel colors, big glossy eyes, gentle rim light, smooth clean shading, very thin soft outline. One character, full body, 3/4 front view, centered, feet resting on an invisible baseline at 88% of the image height, 8% empty margin on every side. Transparent background, no ground shadow, no text, no frame, no border."
2,3,todo,01-pets-expressions,pet-dog-1-sad,몽이 아기 시무룩,public/assets/pets/dog-1-sad.webp,1024x1024,512x512,transparent,3,high,public/assets/pets/dog-1.webp,,야차전 패배 · 오래 쉬었을 때,"The exact same puppy character as the reference (몽이, 아기 stage): keep body proportions, colors, markings and accessories identical. Change only the expression and pose: slightly sad pouty face with teary sparkling eyes, ears/head drooping a little, still cute (not crying hard).

Cute chibi 3D-rendered mascot in exactly the same art style as the reference image: soft pastel colors, big glossy eyes, gentle rim light, smooth clean shading, very thin soft outline. One character, full body, 3/4 front view, centered, feet resting on an invisible baseline at 88% of the image height, 8% empty margin on every side. Transparent background, no ground shadow, no text, no frame, no border."
2,3,todo,01-pets-expressions,pet-dog-2-cheer,몽이 성장 응원,public/assets/pets/dog-2-cheer.webp,1024x1024,512x512,transparent,3,high,public/assets/pets/dog-2.webp,,야차전 공격 · 학습 시작,"The exact same puppy character as the reference (몽이, 성장 stage): keep body proportions, colors, markings and accessories identical. Change only the expression and pose: energetic cheering pose with one arm (or paw/wing/tail) raised high, determined sparkling eyes, small motion sparkles.

Cute chibi 3D-rendered mascot in exactly the same art style as the reference image: soft pastel colors, big glossy eyes, gentle rim light, smooth clean shading, very thin soft outline. One character, full body, 3/4 front view, centered, feet resting on an invisible baseline at 88% of the image height, 8% empty margin on every side. Transparent background, no ground shadow, no text, no frame, no border."
2,3,todo,01-pets-expressions,pet-dog-2-sad,몽이 성장 시무룩,public/assets/pets/dog-2-sad.webp,1024x1024,512x512,transparent,3,high,public/assets/pets/dog-2.webp,,야차전 패배 · 오래 쉬었을 때,"The exact same puppy character as the reference (몽이, 성장 stage): keep body proportions, colors, markings and accessories identical. Change only the expression and pose: slightly sad pouty face with teary sparkling eyes, ears/head drooping a little, still cute (not crying hard).

Cute chibi 3D-rendered mascot in exactly the same art style as the reference image: soft pastel colors, big glossy eyes, gentle rim light, smooth clean shading, very thin soft outline. One character, full body, 3/4 front view, centered, feet resting on an invisible baseline at 88% of the image height, 8% empty margin on every side. Transparent background, no ground shadow, no text, no frame, no border."
2,3,todo,01-pets-expressions,pet-dog-3-cheer,몽이 최종 응원,public/assets/pets/dog-3-cheer.webp,1024x1024,512x512,transparent,3,high,public/assets/pets/dog-3.webp,,야차전 공격 · 학습 시작,"The exact same puppy character as the reference (몽이, 최종 stage): keep body proportions, colors, markings and accessories identical. Change only the expression and pose: energetic cheering pose with one arm (or paw/wing/tail) raised high, determined sparkling eyes, small motion sparkles.

Cute chibi 3D-rendered mascot in exactly the same art style as the reference image: soft pastel colors, big glossy eyes, gentle rim light, smooth clean shading, very thin soft outline. One character, full body, 3/4 front view, centered, feet resting on an invisible baseline at 88% of the image height, 8% empty margin on every side. Transparent background, no ground shadow, no text, no frame, no border."
2,3,todo,01-pets-expressions,pet-dog-3-sad,몽이 최종 시무룩,public/assets/pets/dog-3-sad.webp,1024x1024,512x512,transparent,3,high,public/assets/pets/dog-3.webp,,야차전 패배 · 오래 쉬었을 때,"The exact same puppy character as the reference (몽이, 최종 stage): keep body proportions, colors, markings and accessories identical. Change only the expression and pose: slightly sad pouty face with teary sparkling eyes, ears/head drooping a little, still cute (not crying hard).

Cute chibi 3D-rendered mascot in exactly the same art style as the reference image: soft pastel colors, big glossy eyes, gentle rim light, smooth clean shading, very thin soft outline. One character, full body, 3/4 front view, centered, feet resting on an invisible baseline at 88% of the image height, 8% empty margin on every side. Transparent background, no ground shadow, no text, no frame, no border."
2,3,todo,01-pets-expressions,pet-dragon-1-cheer,용이 아기 응원,public/assets/pets/dragon-1-cheer.webp,1024x1024,512x512,transparent,3,high,public/assets/pets/dragon-1.webp,,야차전 공격 · 학습 시작,"The exact same baby dragon character as the reference (용이, 아기 stage): keep body proportions, colors, markings and accessories identical. Change only the expression and pose: energetic cheering pose with one arm (or paw/wing/tail) raised high, determined sparkling eyes, small motion sparkles.

Cute chibi 3D-rendered mascot in exactly the same art style as the reference image: soft pastel colors, big glossy eyes, gentle rim light, smooth clean shading, very thin soft outline. One character, full body, 3/4 front view, centered, feet resting on an invisible baseline at 88% of the image height, 8% empty margin on every side. Transparent background, no ground shadow, no text, no frame, no border."
2,3,todo,01-pets-expressions,pet-dragon-1-sad,용이 아기 시무룩,public/assets/pets/dragon-1-sad.webp,1024x1024,512x512,transparent,3,high,public/assets/pets/dragon-1.webp,,야차전 패배 · 오래 쉬었을 때,"The exact same baby dragon character as the reference (용이, 아기 stage): keep body proportions, colors, markings and accessories identical. Change only the expression and pose: slightly sad pouty face with teary sparkling eyes, ears/head drooping a little, still cute (not crying hard).

Cute chibi 3D-rendered mascot in exactly the same art style as the reference image: soft pastel colors, big glossy eyes, gentle rim light, smooth clean shading, very thin soft outline. One character, full body, 3/4 front view, centered, feet resting on an invisible baseline at 88% of the image height, 8% empty margin on every side. Transparent background, no ground shadow, no text, no frame, no border."
2,3,todo,01-pets-expressions,pet-dragon-2-cheer,용이 성장 응원,public/assets/pets/dragon-2-cheer.webp,1024x1024,512x512,transparent,3,high,public/assets/pets/dragon-2.webp,,야차전 공격 · 학습 시작,"The exact same baby dragon character as the reference (용이, 성장 stage): keep body proportions, colors, markings and accessories identical. Change only the expression and pose: energetic cheering pose with one arm (or paw/wing/tail) raised high, determined sparkling eyes, small motion sparkles.

Cute chibi 3D-rendered mascot in exactly the same art style as the reference image: soft pastel colors, big glossy eyes, gentle rim light, smooth clean shading, very thin soft outline. One character, full body, 3/4 front view, centered, feet resting on an invisible baseline at 88% of the image height, 8% empty margin on every side. Transparent background, no ground shadow, no text, no frame, no border."
2,3,todo,01-pets-expressions,pet-dragon-2-sad,용이 성장 시무룩,public/assets/pets/dragon-2-sad.webp,1024x1024,512x512,transparent,3,high,public/assets/pets/dragon-2.webp,,야차전 패배 · 오래 쉬었을 때,"The exact same baby dragon character as the reference (용이, 성장 stage): keep body proportions, colors, markings and accessories identical. Change only the expression and pose: slightly sad pouty face with teary sparkling eyes, ears/head drooping a little, still cute (not crying hard).

Cute chibi 3D-rendered mascot in exactly the same art style as the reference image: soft pastel colors, big glossy eyes, gentle rim light, smooth clean shading, very thin soft outline. One character, full body, 3/4 front view, centered, feet resting on an invisible baseline at 88% of the image height, 8% empty margin on every side. Transparent background, no ground shadow, no text, no frame, no border."
2,3,todo,01-pets-expressions,pet-dragon-3-cheer,용이 최종 응원,public/assets/pets/dragon-3-cheer.webp,1024x1024,512x512,transparent,3,high,public/assets/pets/dragon-3.webp,,야차전 공격 · 학습 시작,"The exact same baby dragon character as the reference (용이, 최종 stage): keep body proportions, colors, markings and accessories identical. Change only the expression and pose: energetic cheering pose with one arm (or paw/wing/tail) raised high, determined sparkling eyes, small motion sparkles.

Cute chibi 3D-rendered mascot in exactly the same art style as the reference image: soft pastel colors, big glossy eyes, gentle rim light, smooth clean shading, very thin soft outline. One character, full body, 3/4 front view, centered, feet resting on an invisible baseline at 88% of the image height, 8% empty margin on every side. Transparent background, no ground shadow, no text, no frame, no border."
2,3,todo,01-pets-expressions,pet-dragon-3-sad,용이 최종 시무룩,public/assets/pets/dragon-3-sad.webp,1024x1024,512x512,transparent,3,high,public/assets/pets/dragon-3.webp,,야차전 패배 · 오래 쉬었을 때,"The exact same baby dragon character as the reference (용이, 최종 stage): keep body proportions, colors, markings and accessories identical. Change only the expression and pose: slightly sad pouty face with teary sparkling eyes, ears/head drooping a little, still cute (not crying hard).

Cute chibi 3D-rendered mascot in exactly the same art style as the reference image: soft pastel colors, big glossy eyes, gentle rim light, smooth clean shading, very thin soft outline. One character, full body, 3/4 front view, centered, feet resting on an invisible baseline at 88% of the image height, 8% empty margin on every side. Transparent background, no ground shadow, no text, no frame, no border."
2,3,todo,01-pets-expressions,pet-fox-1-cheer,호야 아기 응원,public/assets/pets/fox-1-cheer.webp,1024x1024,512x512,transparent,3,high,public/assets/pets/fox-1.webp,,야차전 공격 · 학습 시작,"The exact same fox character as the reference (호야, 아기 stage): keep body proportions, colors, markings and accessories identical. Change only the expression and pose: energetic cheering pose with one arm (or paw/wing/tail) raised high, determined sparkling eyes, small motion sparkles.

Cute chibi 3D-rendered mascot in exactly the same art style as the reference image: soft pastel colors, big glossy eyes, gentle rim light, smooth clean shading, very thin soft outline. One character, full body, 3/4 front view, centered, feet resting on an invisible baseline at 88% of the image height, 8% empty margin on every side. Transparent background, no ground shadow, no text, no frame, no border."
2,3,todo,01-pets-expressions,pet-fox-1-sad,호야 아기 시무룩,public/assets/pets/fox-1-sad.webp,1024x1024,512x512,transparent,3,high,public/assets/pets/fox-1.webp,,야차전 패배 · 오래 쉬었을 때,"The exact same fox character as the reference (호야, 아기 stage): keep body proportions, colors, markings and accessories identical. Change only the expression and pose: slightly sad pouty face with teary sparkling eyes, ears/head drooping a little, still cute (not crying hard).

Cute chibi 3D-rendered mascot in exactly the same art style as the reference image: soft pastel colors, big glossy eyes, gentle rim light, smooth clean shading, very thin soft outline. One character, full body, 3/4 front view, centered, feet resting on an invisible baseline at 88% of the image height, 8% empty margin on every side. Transparent background, no ground shadow, no text, no frame, no border."
2,3,todo,01-pets-expressions,pet-fox-2-cheer,호야 성장 응원,public/assets/pets/fox-2-cheer.webp,1024x1024,512x512,transparent,3,high,public/assets/pets/fox-2.webp,,야차전 공격 · 학습 시작,"The exact same fox character as the reference (호야, 성장 stage): keep body proportions, colors, markings and accessories identical. Change only the expression and pose: energetic cheering pose with one arm (or paw/wing/tail) raised high, determined sparkling eyes, small motion sparkles.

Cute chibi 3D-rendered mascot in exactly the same art style as the reference image: soft pastel colors, big glossy eyes, gentle rim light, smooth clean shading, very thin soft outline. One character, full body, 3/4 front view, centered, feet resting on an invisible baseline at 88% of the image height, 8% empty margin on every side. Transparent background, no ground shadow, no text, no frame, no border."
2,3,todo,01-pets-expressions,pet-fox-2-sad,호야 성장 시무룩,public/assets/pets/fox-2-sad.webp,1024x1024,512x512,transparent,3,high,public/assets/pets/fox-2.webp,,야차전 패배 · 오래 쉬었을 때,"The exact same fox character as the reference (호야, 성장 stage): keep body proportions, colors, markings and accessories identical. Change only the expression and pose: slightly sad pouty face with teary sparkling eyes, ears/head drooping a little, still cute (not crying hard).

Cute chibi 3D-rendered mascot in exactly the same art style as the reference image: soft pastel colors, big glossy eyes, gentle rim light, smooth clean shading, very thin soft outline. One character, full body, 3/4 front view, centered, feet resting on an invisible baseline at 88% of the image height, 8% empty margin on every side. Transparent background, no ground shadow, no text, no frame, no border."
2,3,todo,01-pets-expressions,pet-fox-3-cheer,호야 최종 응원,public/assets/pets/fox-3-cheer.webp,1024x1024,512x512,transparent,3,high,public/assets/pets/fox-3.webp,,야차전 공격 · 학습 시작,"The exact same fox character as the reference (호야, 최종 stage): keep body proportions, colors, markings and accessories identical. Change only the expression and pose: energetic cheering pose with one arm (or paw/wing/tail) raised high, determined sparkling eyes, small motion sparkles.

Cute chibi 3D-rendered mascot in exactly the same art style as the reference image: soft pastel colors, big glossy eyes, gentle rim light, smooth clean shading, very thin soft outline. One character, full body, 3/4 front view, centered, feet resting on an invisible baseline at 88% of the image height, 8% empty margin on every side. Transparent background, no ground shadow, no text, no frame, no border."
2,3,todo,01-pets-expressions,pet-fox-3-sad,호야 최종 시무룩,public/assets/pets/fox-3-sad.webp,1024x1024,512x512,transparent,3,high,public/assets/pets/fox-3.webp,,야차전 패배 · 오래 쉬었을 때,"The exact same fox character as the reference (호야, 최종 stage): keep body proportions, colors, markings and accessories identical. Change only the expression and pose: slightly sad pouty face with teary sparkling eyes, ears/head drooping a little, still cute (not crying hard).

Cute chibi 3D-rendered mascot in exactly the same art style as the reference image: soft pastel colors, big glossy eyes, gentle rim light, smooth clean shading, very thin soft outline. One character, full body, 3/4 front view, centered, feet resting on an invisible baseline at 88% of the image height, 8% empty margin on every side. Transparent background, no ground shadow, no text, no frame, no border."
2,3,todo,01-pets-expressions,pet-panda-1-cheer,밤부 아기 응원,public/assets/pets/panda-1-cheer.webp,1024x1024,512x512,transparent,3,high,public/assets/pets/panda-1.webp,,야차전 공격 · 학습 시작,"The exact same panda character as the reference (밤부, 아기 stage): keep body proportions, colors, markings and accessories identical. Change only the expression and pose: energetic cheering pose with one arm (or paw/wing/tail) raised high, determined sparkling eyes, small motion sparkles.

Cute chibi 3D-rendered mascot in exactly the same art style as the reference image: soft pastel colors, big glossy eyes, gentle rim light, smooth clean shading, very thin soft outline. One character, full body, 3/4 front view, centered, feet resting on an invisible baseline at 88% of the image height, 8% empty margin on every side. Transparent background, no ground shadow, no text, no frame, no border."
2,3,todo,01-pets-expressions,pet-panda-1-sad,밤부 아기 시무룩,public/assets/pets/panda-1-sad.webp,1024x1024,512x512,transparent,3,high,public/assets/pets/panda-1.webp,,야차전 패배 · 오래 쉬었을 때,"The exact same panda character as the reference (밤부, 아기 stage): keep body proportions, colors, markings and accessories identical. Change only the expression and pose: slightly sad pouty face with teary sparkling eyes, ears/head drooping a little, still cute (not crying hard).

Cute chibi 3D-rendered mascot in exactly the same art style as the reference image: soft pastel colors, big glossy eyes, gentle rim light, smooth clean shading, very thin soft outline. One character, full body, 3/4 front view, centered, feet resting on an invisible baseline at 88% of the image height, 8% empty margin on every side. Transparent background, no ground shadow, no text, no frame, no border."
2,3,todo,01-pets-expressions,pet-panda-2-cheer,밤부 성장 응원,public/assets/pets/panda-2-cheer.webp,1024x1024,512x512,transparent,3,high,public/assets/pets/panda-2.webp,,야차전 공격 · 학습 시작,"The exact same panda character as the reference (밤부, 성장 stage): keep body proportions, colors, markings and accessories identical. Change only the expression and pose: energetic cheering pose with one arm (or paw/wing/tail) raised high, determined sparkling eyes, small motion sparkles.

Cute chibi 3D-rendered mascot in exactly the same art style as the reference image: soft pastel colors, big glossy eyes, gentle rim light, smooth clean shading, very thin soft outline. One character, full body, 3/4 front view, centered, feet resting on an invisible baseline at 88% of the image height, 8% empty margin on every side. Transparent background, no ground shadow, no text, no frame, no border."
2,3,todo,01-pets-expressions,pet-panda-2-sad,밤부 성장 시무룩,public/assets/pets/panda-2-sad.webp,1024x1024,512x512,transparent,3,high,public/assets/pets/panda-2.webp,,야차전 패배 · 오래 쉬었을 때,"The exact same panda character as the reference (밤부, 성장 stage): keep body proportions, colors, markings and accessories identical. Change only the expression and pose: slightly sad pouty face with teary sparkling eyes, ears/head drooping a little, still cute (not crying hard).

Cute chibi 3D-rendered mascot in exactly the same art style as the reference image: soft pastel colors, big glossy eyes, gentle rim light, smooth clean shading, very thin soft outline. One character, full body, 3/4 front view, centered, feet resting on an invisible baseline at 88% of the image height, 8% empty margin on every side. Transparent background, no ground shadow, no text, no frame, no border."
2,3,todo,01-pets-expressions,pet-panda-3-cheer,밤부 최종 응원,public/assets/pets/panda-3-cheer.webp,1024x1024,512x512,transparent,3,high,public/assets/pets/panda-3.webp,,야차전 공격 · 학습 시작,"The exact same panda character as the reference (밤부, 최종 stage): keep body proportions, colors, markings and accessories identical. Change only the expression and pose: energetic cheering pose with one arm (or paw/wing/tail) raised high, determined sparkling eyes, small motion sparkles.

Cute chibi 3D-rendered mascot in exactly the same art style as the reference image: soft pastel colors, big glossy eyes, gentle rim light, smooth clean shading, very thin soft outline. One character, full body, 3/4 front view, centered, feet resting on an invisible baseline at 88% of the image height, 8% empty margin on every side. Transparent background, no ground shadow, no text, no frame, no border."
2,3,todo,01-pets-expressions,pet-panda-3-sad,밤부 최종 시무룩,public/assets/pets/panda-3-sad.webp,1024x1024,512x512,transparent,3,high,public/assets/pets/panda-3.webp,,야차전 패배 · 오래 쉬었을 때,"The exact same panda character as the reference (밤부, 최종 stage): keep body proportions, colors, markings and accessories identical. Change only the expression and pose: slightly sad pouty face with teary sparkling eyes, ears/head drooping a little, still cute (not crying hard).

Cute chibi 3D-rendered mascot in exactly the same art style as the reference image: soft pastel colors, big glossy eyes, gentle rim light, smooth clean shading, very thin soft outline. One character, full body, 3/4 front view, centered, feet resting on an invisible baseline at 88% of the image height, 8% empty margin on every side. Transparent background, no ground shadow, no text, no frame, no border."
2,3,todo,01-pets-expressions,pet-pig-1-cheer,핑키 아기 응원,public/assets/pets/pig-1-cheer.webp,1024x1024,512x512,transparent,3,high,public/assets/pets/pig-1.webp,,야차전 공격 · 학습 시작,"The exact same piglet character as the reference (핑키, 아기 stage): keep body proportions, colors, markings and accessories identical. Change only the expression and pose: energetic cheering pose with one arm (or paw/wing/tail) raised high, determined sparkling eyes, small motion sparkles.

Cute chibi 3D-rendered mascot in exactly the same art style as the reference image: soft pastel colors, big glossy eyes, gentle rim light, smooth clean shading, very thin soft outline. One character, full body, 3/4 front view, centered, feet resting on an invisible baseline at 88% of the image height, 8% empty margin on every side. Transparent background, no ground shadow, no text, no frame, no border."
2,3,todo,01-pets-expressions,pet-pig-1-sad,핑키 아기 시무룩,public/assets/pets/pig-1-sad.webp,1024x1024,512x512,transparent,3,high,public/assets/pets/pig-1.webp,,야차전 패배 · 오래 쉬었을 때,"The exact same piglet character as the reference (핑키, 아기 stage): keep body proportions, colors, markings and accessories identical. Change only the expression and pose: slightly sad pouty face with teary sparkling eyes, ears/head drooping a little, still cute (not crying hard).

Cute chibi 3D-rendered mascot in exactly the same art style as the reference image: soft pastel colors, big glossy eyes, gentle rim light, smooth clean shading, very thin soft outline. One character, full body, 3/4 front view, centered, feet resting on an invisible baseline at 88% of the image height, 8% empty margin on every side. Transparent background, no ground shadow, no text, no frame, no border."
2,3,todo,01-pets-expressions,pet-pig-2-cheer,핑키 성장 응원,public/assets/pets/pig-2-cheer.webp,1024x1024,512x512,transparent,3,high,public/assets/pets/pig-2.webp,,야차전 공격 · 학습 시작,"The exact same piglet character as the reference (핑키, 성장 stage): keep body proportions, colors, markings and accessories identical. Change only the expression and pose: energetic cheering pose with one arm (or paw/wing/tail) raised high, determined sparkling eyes, small motion sparkles.

Cute chibi 3D-rendered mascot in exactly the same art style as the reference image: soft pastel colors, big glossy eyes, gentle rim light, smooth clean shading, very thin soft outline. One character, full body, 3/4 front view, centered, feet resting on an invisible baseline at 88% of the image height, 8% empty margin on every side. Transparent background, no ground shadow, no text, no frame, no border."
2,3,todo,01-pets-expressions,pet-pig-2-sad,핑키 성장 시무룩,public/assets/pets/pig-2-sad.webp,1024x1024,512x512,transparent,3,high,public/assets/pets/pig-2.webp,,야차전 패배 · 오래 쉬었을 때,"The exact same piglet character as the reference (핑키, 성장 stage): keep body proportions, colors, markings and accessories identical. Change only the expression and pose: slightly sad pouty face with teary sparkling eyes, ears/head drooping a little, still cute (not crying hard).

Cute chibi 3D-rendered mascot in exactly the same art style as the reference image: soft pastel colors, big glossy eyes, gentle rim light, smooth clean shading, very thin soft outline. One character, full body, 3/4 front view, centered, feet resting on an invisible baseline at 88% of the image height, 8% empty margin on every side. Transparent background, no ground shadow, no text, no frame, no border."
2,3,todo,01-pets-expressions,pet-pig-3-cheer,핑키 최종 응원,public/assets/pets/pig-3-cheer.webp,1024x1024,512x512,transparent,3,high,public/assets/pets/pig-3.webp,,야차전 공격 · 학습 시작,"The exact same piglet character as the reference (핑키, 최종 stage): keep body proportions, colors, markings and accessories identical. Change only the expression and pose: energetic cheering pose with one arm (or paw/wing/tail) raised high, determined sparkling eyes, small motion sparkles.

Cute chibi 3D-rendered mascot in exactly the same art style as the reference image: soft pastel colors, big glossy eyes, gentle rim light, smooth clean shading, very thin soft outline. One character, full body, 3/4 front view, centered, feet resting on an invisible baseline at 88% of the image height, 8% empty margin on every side. Transparent background, no ground shadow, no text, no frame, no border."
2,3,todo,01-pets-expressions,pet-pig-3-sad,핑키 최종 시무룩,public/assets/pets/pig-3-sad.webp,1024x1024,512x512,transparent,3,high,public/assets/pets/pig-3.webp,,야차전 패배 · 오래 쉬었을 때,"The exact same piglet character as the reference (핑키, 최종 stage): keep body proportions, colors, markings and accessories identical. Change only the expression and pose: slightly sad pouty face with teary sparkling eyes, ears/head drooping a little, still cute (not crying hard).

Cute chibi 3D-rendered mascot in exactly the same art style as the reference image: soft pastel colors, big glossy eyes, gentle rim light, smooth clean shading, very thin soft outline. One character, full body, 3/4 front view, centered, feet resting on an invisible baseline at 88% of the image height, 8% empty margin on every side. Transparent background, no ground shadow, no text, no frame, no border."
2,3,todo,01-pets-expressions,pet-rabbit-1-cheer,토리 아기 응원,public/assets/pets/rabbit-1-cheer.webp,1024x1024,512x512,transparent,3,high,public/assets/pets/rabbit-1.webp,,야차전 공격 · 학습 시작,"The exact same bunny character as the reference (토리, 아기 stage): keep body proportions, colors, markings and accessories identical. Change only the expression and pose: energetic cheering pose with one arm (or paw/wing/tail) raised high, determined sparkling eyes, small motion sparkles.

Cute chibi 3D-rendered mascot in exactly the same art style as the reference image: soft pastel colors, big glossy eyes, gentle rim light, smooth clean shading, very thin soft outline. One character, full body, 3/4 front view, centered, feet resting on an invisible baseline at 88% of the image height, 8% empty margin on every side. Transparent background, no ground shadow, no text, no frame, no border."
2,3,todo,01-pets-expressions,pet-rabbit-1-sad,토리 아기 시무룩,public/assets/pets/rabbit-1-sad.webp,1024x1024,512x512,transparent,3,high,public/assets/pets/rabbit-1.webp,,야차전 패배 · 오래 쉬었을 때,"The exact same bunny character as the reference (토리, 아기 stage): keep body proportions, colors, markings and accessories identical. Change only the expression and pose: slightly sad pouty face with teary sparkling eyes, ears/head drooping a little, still cute (not crying hard).

Cute chibi 3D-rendered mascot in exactly the same art style as the reference image: soft pastel colors, big glossy eyes, gentle rim light, smooth clean shading, very thin soft outline. One character, full body, 3/4 front view, centered, feet resting on an invisible baseline at 88% of the image height, 8% empty margin on every side. Transparent background, no ground shadow, no text, no frame, no border."
2,3,todo,01-pets-expressions,pet-rabbit-2-cheer,토리 성장 응원,public/assets/pets/rabbit-2-cheer.webp,1024x1024,512x512,transparent,3,high,public/assets/pets/rabbit-2.webp,,야차전 공격 · 학습 시작,"The exact same bunny character as the reference (토리, 성장 stage): keep body proportions, colors, markings and accessories identical. Change only the expression and pose: energetic cheering pose with one arm (or paw/wing/tail) raised high, determined sparkling eyes, small motion sparkles.

Cute chibi 3D-rendered mascot in exactly the same art style as the reference image: soft pastel colors, big glossy eyes, gentle rim light, smooth clean shading, very thin soft outline. One character, full body, 3/4 front view, centered, feet resting on an invisible baseline at 88% of the image height, 8% empty margin on every side. Transparent background, no ground shadow, no text, no frame, no border."
2,3,todo,01-pets-expressions,pet-rabbit-2-sad,토리 성장 시무룩,public/assets/pets/rabbit-2-sad.webp,1024x1024,512x512,transparent,3,high,public/assets/pets/rabbit-2.webp,,야차전 패배 · 오래 쉬었을 때,"The exact same bunny character as the reference (토리, 성장 stage): keep body proportions, colors, markings and accessories identical. Change only the expression and pose: slightly sad pouty face with teary sparkling eyes, ears/head drooping a little, still cute (not crying hard).

Cute chibi 3D-rendered mascot in exactly the same art style as the reference image: soft pastel colors, big glossy eyes, gentle rim light, smooth clean shading, very thin soft outline. One character, full body, 3/4 front view, centered, feet resting on an invisible baseline at 88% of the image height, 8% empty margin on every side. Transparent background, no ground shadow, no text, no frame, no border."
2,3,todo,01-pets-expressions,pet-rabbit-3-cheer,토리 최종 응원,public/assets/pets/rabbit-3-cheer.webp,1024x1024,512x512,transparent,3,high,public/assets/pets/rabbit-3.webp,,야차전 공격 · 학습 시작,"The exact same bunny character as the reference (토리, 최종 stage): keep body proportions, colors, markings and accessories identical. Change only the expression and pose: energetic cheering pose with one arm (or paw/wing/tail) raised high, determined sparkling eyes, small motion sparkles.

Cute chibi 3D-rendered mascot in exactly the same art style as the reference image: soft pastel colors, big glossy eyes, gentle rim light, smooth clean shading, very thin soft outline. One character, full body, 3/4 front view, centered, feet resting on an invisible baseline at 88% of the image height, 8% empty margin on every side. Transparent background, no ground shadow, no text, no frame, no border."
2,3,todo,01-pets-expressions,pet-rabbit-3-sad,토리 최종 시무룩,public/assets/pets/rabbit-3-sad.webp,1024x1024,512x512,transparent,3,high,public/assets/pets/rabbit-3.webp,,야차전 패배 · 오래 쉬었을 때,"The exact same bunny character as the reference (토리, 최종 stage): keep body proportions, colors, markings and accessories identical. Change only the expression and pose: slightly sad pouty face with teary sparkling eyes, ears/head drooping a little, still cute (not crying hard).

Cute chibi 3D-rendered mascot in exactly the same art style as the reference image: soft pastel colors, big glossy eyes, gentle rim light, smooth clean shading, very thin soft outline. One character, full body, 3/4 front view, centered, feet resting on an invisible baseline at 88% of the image height, 8% empty margin on every side. Transparent background, no ground shadow, no text, no frame, no border."
2,3,todo,01-pets-expressions,pet-snake-1-cheer,초롱 아기 응원,public/assets/pets/snake-1-cheer.webp,1024x1024,512x512,transparent,3,high,public/assets/pets/snake-1.webp,,야차전 공격 · 학습 시작,"The exact same little snake character as the reference (초롱, 아기 stage): keep body proportions, colors, markings and accessories identical. Change only the expression and pose: energetic cheering pose with one arm (or paw/wing/tail) raised high, determined sparkling eyes, small motion sparkles.

Cute chibi 3D-rendered mascot in exactly the same art style as the reference image: soft pastel colors, big glossy eyes, gentle rim light, smooth clean shading, very thin soft outline. One character, full body, 3/4 front view, centered, feet resting on an invisible baseline at 88% of the image height, 8% empty margin on every side. Transparent background, no ground shadow, no text, no frame, no border."
2,3,todo,01-pets-expressions,pet-snake-1-sad,초롱 아기 시무룩,public/assets/pets/snake-1-sad.webp,1024x1024,512x512,transparent,3,high,public/assets/pets/snake-1.webp,,야차전 패배 · 오래 쉬었을 때,"The exact same little snake character as the reference (초롱, 아기 stage): keep body proportions, colors, markings and accessories identical. Change only the expression and pose: slightly sad pouty face with teary sparkling eyes, ears/head drooping a little, still cute (not crying hard).

Cute chibi 3D-rendered mascot in exactly the same art style as the reference image: soft pastel colors, big glossy eyes, gentle rim light, smooth clean shading, very thin soft outline. One character, full body, 3/4 front view, centered, feet resting on an invisible baseline at 88% of the image height, 8% empty margin on every side. Transparent background, no ground shadow, no text, no frame, no border."
2,3,todo,01-pets-expressions,pet-snake-2-cheer,초롱 성장 응원,public/assets/pets/snake-2-cheer.webp,1024x1024,512x512,transparent,3,high,public/assets/pets/snake-2.webp,,야차전 공격 · 학습 시작,"The exact same little snake character as the reference (초롱, 성장 stage): keep body proportions, colors, markings and accessories identical. Change only the expression and pose: energetic cheering pose with one arm (or paw/wing/tail) raised high, determined sparkling eyes, small motion sparkles.

Cute chibi 3D-rendered mascot in exactly the same art style as the reference image: soft pastel colors, big glossy eyes, gentle rim light, smooth clean shading, very thin soft outline. One character, full body, 3/4 front view, centered, feet resting on an invisible baseline at 88% of the image height, 8% empty margin on every side. Transparent background, no ground shadow, no text, no frame, no border."
2,3,todo,01-pets-expressions,pet-snake-2-sad,초롱 성장 시무룩,public/assets/pets/snake-2-sad.webp,1024x1024,512x512,transparent,3,high,public/assets/pets/snake-2.webp,,야차전 패배 · 오래 쉬었을 때,"The exact same little snake character as the reference (초롱, 성장 stage): keep body proportions, colors, markings and accessories identical. Change only the expression and pose: slightly sad pouty face with teary sparkling eyes, ears/head drooping a little, still cute (not crying hard).

Cute chibi 3D-rendered mascot in exactly the same art style as the reference image: soft pastel colors, big glossy eyes, gentle rim light, smooth clean shading, very thin soft outline. One character, full body, 3/4 front view, centered, feet resting on an invisible baseline at 88% of the image height, 8% empty margin on every side. Transparent background, no ground shadow, no text, no frame, no border."
2,3,todo,01-pets-expressions,pet-snake-3-cheer,초롱 최종 응원,public/assets/pets/snake-3-cheer.webp,1024x1024,512x512,transparent,3,high,public/assets/pets/snake-3.webp,,야차전 공격 · 학습 시작,"The exact same little snake character as the reference (초롱, 최종 stage): keep body proportions, colors, markings and accessories identical. Change only the expression and pose: energetic cheering pose with one arm (or paw/wing/tail) raised high, determined sparkling eyes, small motion sparkles.

Cute chibi 3D-rendered mascot in exactly the same art style as the reference image: soft pastel colors, big glossy eyes, gentle rim light, smooth clean shading, very thin soft outline. One character, full body, 3/4 front view, centered, feet resting on an invisible baseline at 88% of the image height, 8% empty margin on every side. Transparent background, no ground shadow, no text, no frame, no border."
2,3,todo,01-pets-expressions,pet-snake-3-sad,초롱 최종 시무룩,public/assets/pets/snake-3-sad.webp,1024x1024,512x512,transparent,3,high,public/assets/pets/snake-3.webp,,야차전 패배 · 오래 쉬었을 때,"The exact same little snake character as the reference (초롱, 최종 stage): keep body proportions, colors, markings and accessories identical. Change only the expression and pose: slightly sad pouty face with teary sparkling eyes, ears/head drooping a little, still cute (not crying hard).

Cute chibi 3D-rendered mascot in exactly the same art style as the reference image: soft pastel colors, big glossy eyes, gentle rim light, smooth clean shading, very thin soft outline. One character, full body, 3/4 front view, centered, feet resting on an invisible baseline at 88% of the image height, 8% empty margin on every side. Transparent background, no ground shadow, no text, no frame, no border."
2,3,todo,03-new-pets,pet-axolotl-1-cheer,우파 아기 응원,public/assets/pets/axolotl-1-cheer.webp,1024x1024,512x512,transparent,3,high,public/assets/pets/axolotl-1.webp,pet-axolotl-1,야차전 공격 · 학습 시작,"The exact same character as the reference (우파, 아기 stage). Change only the expression and pose: energetic cheering pose with one arm (or paw/wing/tail) raised high, determined sparkling eyes, small motion sparkles.

Cute chibi 3D-rendered mascot in exactly the same art style as the reference image: soft pastel colors, big glossy eyes, gentle rim light, smooth clean shading, very thin soft outline. One character, full body, 3/4 front view, centered, feet resting on an invisible baseline at 88% of the image height, 8% empty margin on every side. Transparent background, no ground shadow, no text, no frame, no border."
2,3,todo,03-new-pets,pet-axolotl-1-eat,우파 아기 냠냠,public/assets/pets/axolotl-1-eat.webp,1024x1024,512x512,transparent,3,high,public/assets/pets/axolotl-1.webp,pet-axolotl-1,밥 주기 반응,"The exact same character as the reference (우파, 아기 stage). Change only the expression and pose: happily eating from a small round food bowl held in front, cheeks puffed, a few crumbs, eyes curved in joy.

Cute chibi 3D-rendered mascot in exactly the same art style as the reference image: soft pastel colors, big glossy eyes, gentle rim light, smooth clean shading, very thin soft outline. One character, full body, 3/4 front view, centered, feet resting on an invisible baseline at 88% of the image height, 8% empty margin on every side. Transparent background, no ground shadow, no text, no frame, no border."
2,3,todo,03-new-pets,pet-axolotl-1-happy,우파 아기 기뻐함,public/assets/pets/axolotl-1-happy.webp,1024x1024,512x512,transparent,3,high,public/assets/pets/axolotl-1.webp,pet-axolotl-1,쓰다듬기 반응 · 야차전 승리,"The exact same character as the reference (우파, 아기 stage). Change only the expression and pose: eyes closed in a big happy smile, rosy cheeks, 2-3 small hearts floating above the head.

Cute chibi 3D-rendered mascot in exactly the same art style as the reference image: soft pastel colors, big glossy eyes, gentle rim light, smooth clean shading, very thin soft outline. One character, full body, 3/4 front view, centered, feet resting on an invisible baseline at 88% of the image height, 8% empty margin on every side. Transparent background, no ground shadow, no text, no frame, no border."
2,3,todo,03-new-pets,pet-axolotl-1-sad,우파 아기 시무룩,public/assets/pets/axolotl-1-sad.webp,1024x1024,512x512,transparent,3,high,public/assets/pets/axolotl-1.webp,pet-axolotl-1,야차전 패배 · 오래 쉬었을 때,"The exact same character as the reference (우파, 아기 stage). Change only the expression and pose: slightly sad pouty face with teary sparkling eyes, ears/head drooping a little, still cute (not crying hard).

Cute chibi 3D-rendered mascot in exactly the same art style as the reference image: soft pastel colors, big glossy eyes, gentle rim light, smooth clean shading, very thin soft outline. One character, full body, 3/4 front view, centered, feet resting on an invisible baseline at 88% of the image height, 8% empty margin on every side. Transparent background, no ground shadow, no text, no frame, no border."
2,3,todo,03-new-pets,pet-axolotl-2-cheer,우파 성장 응원,public/assets/pets/axolotl-2-cheer.webp,1024x1024,512x512,transparent,3,high,public/assets/pets/axolotl-2.webp,pet-axolotl-2,야차전 공격 · 학습 시작,"The exact same character as the reference (우파, 성장 stage). Change only the expression and pose: energetic cheering pose with one arm (or paw/wing/tail) raised high, determined sparkling eyes, small motion sparkles.

Cute chibi 3D-rendered mascot in exactly the same art style as the reference image: soft pastel colors, big glossy eyes, gentle rim light, smooth clean shading, very thin soft outline. One character, full body, 3/4 front view, centered, feet resting on an invisible baseline at 88% of the image height, 8% empty margin on every side. Transparent background, no ground shadow, no text, no frame, no border."
2,3,todo,03-new-pets,pet-axolotl-2-eat,우파 성장 냠냠,public/assets/pets/axolotl-2-eat.webp,1024x1024,512x512,transparent,3,high,public/assets/pets/axolotl-2.webp,pet-axolotl-2,밥 주기 반응,"The exact same character as the reference (우파, 성장 stage). Change only the expression and pose: happily eating from a small round food bowl held in front, cheeks puffed, a few crumbs, eyes curved in joy.

Cute chibi 3D-rendered mascot in exactly the same art style as the reference image: soft pastel colors, big glossy eyes, gentle rim light, smooth clean shading, very thin soft outline. One character, full body, 3/4 front view, centered, feet resting on an invisible baseline at 88% of the image height, 8% empty margin on every side. Transparent background, no ground shadow, no text, no frame, no border."
2,3,todo,03-new-pets,pet-axolotl-2-happy,우파 성장 기뻐함,public/assets/pets/axolotl-2-happy.webp,1024x1024,512x512,transparent,3,high,public/assets/pets/axolotl-2.webp,pet-axolotl-2,쓰다듬기 반응 · 야차전 승리,"The exact same character as the reference (우파, 성장 stage). Change only the expression and pose: eyes closed in a big happy smile, rosy cheeks, 2-3 small hearts floating above the head.

Cute chibi 3D-rendered mascot in exactly the same art style as the reference image: soft pastel colors, big glossy eyes, gentle rim light, smooth clean shading, very thin soft outline. One character, full body, 3/4 front view, centered, feet resting on an invisible baseline at 88% of the image height, 8% empty margin on every side. Transparent background, no ground shadow, no text, no frame, no border."
2,3,todo,03-new-pets,pet-axolotl-2-sad,우파 성장 시무룩,public/assets/pets/axolotl-2-sad.webp,1024x1024,512x512,transparent,3,high,public/assets/pets/axolotl-2.webp,pet-axolotl-2,야차전 패배 · 오래 쉬었을 때,"The exact same character as the reference (우파, 성장 stage). Change only the expression and pose: slightly sad pouty face with teary sparkling eyes, ears/head drooping a little, still cute (not crying hard).

Cute chibi 3D-rendered mascot in exactly the same art style as the reference image: soft pastel colors, big glossy eyes, gentle rim light, smooth clean shading, very thin soft outline. One character, full body, 3/4 front view, centered, feet resting on an invisible baseline at 88% of the image height, 8% empty margin on every side. Transparent background, no ground shadow, no text, no frame, no border."
2,3,todo,03-new-pets,pet-axolotl-3-cheer,우파 최종 응원,public/assets/pets/axolotl-3-cheer.webp,1024x1024,512x512,transparent,3,high,public/assets/pets/axolotl-3.webp,pet-axolotl-3,야차전 공격 · 학습 시작,"The exact same character as the reference (우파, 최종 stage). Change only the expression and pose: energetic cheering pose with one arm (or paw/wing/tail) raised high, determined sparkling eyes, small motion sparkles.

Cute chibi 3D-rendered mascot in exactly the same art style as the reference image: soft pastel colors, big glossy eyes, gentle rim light, smooth clean shading, very thin soft outline. One character, full body, 3/4 front view, centered, feet resting on an invisible baseline at 88% of the image height, 8% empty margin on every side. Transparent background, no ground shadow, no text, no frame, no border."
2,3,todo,03-new-pets,pet-axolotl-3-eat,우파 최종 냠냠,public/assets/pets/axolotl-3-eat.webp,1024x1024,512x512,transparent,3,high,public/assets/pets/axolotl-3.webp,pet-axolotl-3,밥 주기 반응,"The exact same character as the reference (우파, 최종 stage). Change only the expression and pose: happily eating from a small round food bowl held in front, cheeks puffed, a few crumbs, eyes curved in joy.

Cute chibi 3D-rendered mascot in exactly the same art style as the reference image: soft pastel colors, big glossy eyes, gentle rim light, smooth clean shading, very thin soft outline. One character, full body, 3/4 front view, centered, feet resting on an invisible baseline at 88% of the image height, 8% empty margin on every side. Transparent background, no ground shadow, no text, no frame, no border."
2,3,todo,03-new-pets,pet-axolotl-3-happy,우파 최종 기뻐함,public/assets/pets/axolotl-3-happy.webp,1024x1024,512x512,transparent,3,high,public/assets/pets/axolotl-3.webp,pet-axolotl-3,쓰다듬기 반응 · 야차전 승리,"The exact same character as the reference (우파, 최종 stage). Change only the expression and pose: eyes closed in a big happy smile, rosy cheeks, 2-3 small hearts floating above the head.

Cute chibi 3D-rendered mascot in exactly the same art style as the reference image: soft pastel colors, big glossy eyes, gentle rim light, smooth clean shading, very thin soft outline. One character, full body, 3/4 front view, centered, feet resting on an invisible baseline at 88% of the image height, 8% empty margin on every side. Transparent background, no ground shadow, no text, no frame, no border."
2,3,todo,03-new-pets,pet-axolotl-3-sad,우파 최종 시무룩,public/assets/pets/axolotl-3-sad.webp,1024x1024,512x512,transparent,3,high,public/assets/pets/axolotl-3.webp,pet-axolotl-3,야차전 패배 · 오래 쉬었을 때,"The exact same character as the reference (우파, 최종 stage). Change only the expression and pose: slightly sad pouty face with teary sparkling eyes, ears/head drooping a little, still cute (not crying hard).

Cute chibi 3D-rendered mascot in exactly the same art style as the reference image: soft pastel colors, big glossy eyes, gentle rim light, smooth clean shading, very thin soft outline. One character, full body, 3/4 front view, centered, feet resting on an invisible baseline at 88% of the image height, 8% empty margin on every side. Transparent background, no ground shadow, no text, no frame, no border."
2,3,todo,03-new-pets,pet-bear-1-cheer,곰돌 아기 응원,public/assets/pets/bear-1-cheer.webp,1024x1024,512x512,transparent,3,high,public/assets/pets/bear-1.webp,pet-bear-1,야차전 공격 · 학습 시작,"The exact same character as the reference (곰돌, 아기 stage). Change only the expression and pose: energetic cheering pose with one arm (or paw/wing/tail) raised high, determined sparkling eyes, small motion sparkles.

Cute chibi 3D-rendered mascot in exactly the same art style as the reference image: soft pastel colors, big glossy eyes, gentle rim light, smooth clean shading, very thin soft outline. One character, full body, 3/4 front view, centered, feet resting on an invisible baseline at 88% of the image height, 8% empty margin on every side. Transparent background, no ground shadow, no text, no frame, no border."
2,3,todo,03-new-pets,pet-bear-1-eat,곰돌 아기 냠냠,public/assets/pets/bear-1-eat.webp,1024x1024,512x512,transparent,3,high,public/assets/pets/bear-1.webp,pet-bear-1,밥 주기 반응,"The exact same character as the reference (곰돌, 아기 stage). Change only the expression and pose: happily eating from a small round food bowl held in front, cheeks puffed, a few crumbs, eyes curved in joy.

Cute chibi 3D-rendered mascot in exactly the same art style as the reference image: soft pastel colors, big glossy eyes, gentle rim light, smooth clean shading, very thin soft outline. One character, full body, 3/4 front view, centered, feet resting on an invisible baseline at 88% of the image height, 8% empty margin on every side. Transparent background, no ground shadow, no text, no frame, no border."
2,3,todo,03-new-pets,pet-bear-1-happy,곰돌 아기 기뻐함,public/assets/pets/bear-1-happy.webp,1024x1024,512x512,transparent,3,high,public/assets/pets/bear-1.webp,pet-bear-1,쓰다듬기 반응 · 야차전 승리,"The exact same character as the reference (곰돌, 아기 stage). Change only the expression and pose: eyes closed in a big happy smile, rosy cheeks, 2-3 small hearts floating above the head.

Cute chibi 3D-rendered mascot in exactly the same art style as the reference image: soft pastel colors, big glossy eyes, gentle rim light, smooth clean shading, very thin soft outline. One character, full body, 3/4 front view, centered, feet resting on an invisible baseline at 88% of the image height, 8% empty margin on every side. Transparent background, no ground shadow, no text, no frame, no border."
2,3,todo,03-new-pets,pet-bear-1-sad,곰돌 아기 시무룩,public/assets/pets/bear-1-sad.webp,1024x1024,512x512,transparent,3,high,public/assets/pets/bear-1.webp,pet-bear-1,야차전 패배 · 오래 쉬었을 때,"The exact same character as the reference (곰돌, 아기 stage). Change only the expression and pose: slightly sad pouty face with teary sparkling eyes, ears/head drooping a little, still cute (not crying hard).

Cute chibi 3D-rendered mascot in exactly the same art style as the reference image: soft pastel colors, big glossy eyes, gentle rim light, smooth clean shading, very thin soft outline. One character, full body, 3/4 front view, centered, feet resting on an invisible baseline at 88% of the image height, 8% empty margin on every side. Transparent background, no ground shadow, no text, no frame, no border."
2,3,todo,03-new-pets,pet-bear-2-cheer,곰돌 성장 응원,public/assets/pets/bear-2-cheer.webp,1024x1024,512x512,transparent,3,high,public/assets/pets/bear-2.webp,pet-bear-2,야차전 공격 · 학습 시작,"The exact same character as the reference (곰돌, 성장 stage). Change only the expression and pose: energetic cheering pose with one arm (or paw/wing/tail) raised high, determined sparkling eyes, small motion sparkles.

Cute chibi 3D-rendered mascot in exactly the same art style as the reference image: soft pastel colors, big glossy eyes, gentle rim light, smooth clean shading, very thin soft outline. One character, full body, 3/4 front view, centered, feet resting on an invisible baseline at 88% of the image height, 8% empty margin on every side. Transparent background, no ground shadow, no text, no frame, no border."
2,3,todo,03-new-pets,pet-bear-2-eat,곰돌 성장 냠냠,public/assets/pets/bear-2-eat.webp,1024x1024,512x512,transparent,3,high,public/assets/pets/bear-2.webp,pet-bear-2,밥 주기 반응,"The exact same character as the reference (곰돌, 성장 stage). Change only the expression and pose: happily eating from a small round food bowl held in front, cheeks puffed, a few crumbs, eyes curved in joy.

Cute chibi 3D-rendered mascot in exactly the same art style as the reference image: soft pastel colors, big glossy eyes, gentle rim light, smooth clean shading, very thin soft outline. One character, full body, 3/4 front view, centered, feet resting on an invisible baseline at 88% of the image height, 8% empty margin on every side. Transparent background, no ground shadow, no text, no frame, no border."
2,3,todo,03-new-pets,pet-bear-2-happy,곰돌 성장 기뻐함,public/assets/pets/bear-2-happy.webp,1024x1024,512x512,transparent,3,high,public/assets/pets/bear-2.webp,pet-bear-2,쓰다듬기 반응 · 야차전 승리,"The exact same character as the reference (곰돌, 성장 stage). Change only the expression and pose: eyes closed in a big happy smile, rosy cheeks, 2-3 small hearts floating above the head.

Cute chibi 3D-rendered mascot in exactly the same art style as the reference image: soft pastel colors, big glossy eyes, gentle rim light, smooth clean shading, very thin soft outline. One character, full body, 3/4 front view, centered, feet resting on an invisible baseline at 88% of the image height, 8% empty margin on every side. Transparent background, no ground shadow, no text, no frame, no border."
2,3,todo,03-new-pets,pet-bear-2-sad,곰돌 성장 시무룩,public/assets/pets/bear-2-sad.webp,1024x1024,512x512,transparent,3,high,public/assets/pets/bear-2.webp,pet-bear-2,야차전 패배 · 오래 쉬었을 때,"The exact same character as the reference (곰돌, 성장 stage). Change only the expression and pose: slightly sad pouty face with teary sparkling eyes, ears/head drooping a little, still cute (not crying hard).

Cute chibi 3D-rendered mascot in exactly the same art style as the reference image: soft pastel colors, big glossy eyes, gentle rim light, smooth clean shading, very thin soft outline. One character, full body, 3/4 front view, centered, feet resting on an invisible baseline at 88% of the image height, 8% empty margin on every side. Transparent background, no ground shadow, no text, no frame, no border."
2,3,todo,03-new-pets,pet-bear-3-cheer,곰돌 최종 응원,public/assets/pets/bear-3-cheer.webp,1024x1024,512x512,transparent,3,high,public/assets/pets/bear-3.webp,pet-bear-3,야차전 공격 · 학습 시작,"The exact same character as the reference (곰돌, 최종 stage). Change only the expression and pose: energetic cheering pose with one arm (or paw/wing/tail) raised high, determined sparkling eyes, small motion sparkles.

Cute chibi 3D-rendered mascot in exactly the same art style as the reference image: soft pastel colors, big glossy eyes, gentle rim light, smooth clean shading, very thin soft outline. One character, full body, 3/4 front view, centered, feet resting on an invisible baseline at 88% of the image height, 8% empty margin on every side. Transparent background, no ground shadow, no text, no frame, no border."
2,3,todo,03-new-pets,pet-bear-3-eat,곰돌 최종 냠냠,public/assets/pets/bear-3-eat.webp,1024x1024,512x512,transparent,3,high,public/assets/pets/bear-3.webp,pet-bear-3,밥 주기 반응,"The exact same character as the reference (곰돌, 최종 stage). Change only the expression and pose: happily eating from a small round food bowl held in front, cheeks puffed, a few crumbs, eyes curved in joy.

Cute chibi 3D-rendered mascot in exactly the same art style as the reference image: soft pastel colors, big glossy eyes, gentle rim light, smooth clean shading, very thin soft outline. One character, full body, 3/4 front view, centered, feet resting on an invisible baseline at 88% of the image height, 8% empty margin on every side. Transparent background, no ground shadow, no text, no frame, no border."
2,3,todo,03-new-pets,pet-bear-3-happy,곰돌 최종 기뻐함,public/assets/pets/bear-3-happy.webp,1024x1024,512x512,transparent,3,high,public/assets/pets/bear-3.webp,pet-bear-3,쓰다듬기 반응 · 야차전 승리,"The exact same character as the reference (곰돌, 최종 stage). Change only the expression and pose: eyes closed in a big happy smile, rosy cheeks, 2-3 small hearts floating above the head.

Cute chibi 3D-rendered mascot in exactly the same art style as the reference image: soft pastel colors, big glossy eyes, gentle rim light, smooth clean shading, very thin soft outline. One character, full body, 3/4 front view, centered, feet resting on an invisible baseline at 88% of the image height, 8% empty margin on every side. Transparent background, no ground shadow, no text, no frame, no border."
2,3,todo,03-new-pets,pet-bear-3-sad,곰돌 최종 시무룩,public/assets/pets/bear-3-sad.webp,1024x1024,512x512,transparent,3,high,public/assets/pets/bear-3.webp,pet-bear-3,야차전 패배 · 오래 쉬었을 때,"The exact same character as the reference (곰돌, 최종 stage). Change only the expression and pose: slightly sad pouty face with teary sparkling eyes, ears/head drooping a little, still cute (not crying hard).

Cute chibi 3D-rendered mascot in exactly the same art style as the reference image: soft pastel colors, big glossy eyes, gentle rim light, smooth clean shading, very thin soft outline. One character, full body, 3/4 front view, centered, feet resting on an invisible baseline at 88% of the image height, 8% empty margin on every side. Transparent background, no ground shadow, no text, no frame, no border."
2,3,todo,03-new-pets,pet-hamster-1-cheer,햄찌 아기 응원,public/assets/pets/hamster-1-cheer.webp,1024x1024,512x512,transparent,3,high,public/assets/pets/hamster-1.webp,pet-hamster-1,야차전 공격 · 학습 시작,"The exact same character as the reference (햄찌, 아기 stage). Change only the expression and pose: energetic cheering pose with one arm (or paw/wing/tail) raised high, determined sparkling eyes, small motion sparkles.

Cute chibi 3D-rendered mascot in exactly the same art style as the reference image: soft pastel colors, big glossy eyes, gentle rim light, smooth clean shading, very thin soft outline. One character, full body, 3/4 front view, centered, feet resting on an invisible baseline at 88% of the image height, 8% empty margin on every side. Transparent background, no ground shadow, no text, no frame, no border."
2,3,todo,03-new-pets,pet-hamster-1-eat,햄찌 아기 냠냠,public/assets/pets/hamster-1-eat.webp,1024x1024,512x512,transparent,3,high,public/assets/pets/hamster-1.webp,pet-hamster-1,밥 주기 반응,"The exact same character as the reference (햄찌, 아기 stage). Change only the expression and pose: happily eating from a small round food bowl held in front, cheeks puffed, a few crumbs, eyes curved in joy.

Cute chibi 3D-rendered mascot in exactly the same art style as the reference image: soft pastel colors, big glossy eyes, gentle rim light, smooth clean shading, very thin soft outline. One character, full body, 3/4 front view, centered, feet resting on an invisible baseline at 88% of the image height, 8% empty margin on every side. Transparent background, no ground shadow, no text, no frame, no border."
2,3,todo,03-new-pets,pet-hamster-1-happy,햄찌 아기 기뻐함,public/assets/pets/hamster-1-happy.webp,1024x1024,512x512,transparent,3,high,public/assets/pets/hamster-1.webp,pet-hamster-1,쓰다듬기 반응 · 야차전 승리,"The exact same character as the reference (햄찌, 아기 stage). Change only the expression and pose: eyes closed in a big happy smile, rosy cheeks, 2-3 small hearts floating above the head.

Cute chibi 3D-rendered mascot in exactly the same art style as the reference image: soft pastel colors, big glossy eyes, gentle rim light, smooth clean shading, very thin soft outline. One character, full body, 3/4 front view, centered, feet resting on an invisible baseline at 88% of the image height, 8% empty margin on every side. Transparent background, no ground shadow, no text, no frame, no border."
2,3,todo,03-new-pets,pet-hamster-1-sad,햄찌 아기 시무룩,public/assets/pets/hamster-1-sad.webp,1024x1024,512x512,transparent,3,high,public/assets/pets/hamster-1.webp,pet-hamster-1,야차전 패배 · 오래 쉬었을 때,"The exact same character as the reference (햄찌, 아기 stage). Change only the expression and pose: slightly sad pouty face with teary sparkling eyes, ears/head drooping a little, still cute (not crying hard).

Cute chibi 3D-rendered mascot in exactly the same art style as the reference image: soft pastel colors, big glossy eyes, gentle rim light, smooth clean shading, very thin soft outline. One character, full body, 3/4 front view, centered, feet resting on an invisible baseline at 88% of the image height, 8% empty margin on every side. Transparent background, no ground shadow, no text, no frame, no border."
2,3,todo,03-new-pets,pet-hamster-2-cheer,햄찌 성장 응원,public/assets/pets/hamster-2-cheer.webp,1024x1024,512x512,transparent,3,high,public/assets/pets/hamster-2.webp,pet-hamster-2,야차전 공격 · 학습 시작,"The exact same character as the reference (햄찌, 성장 stage). Change only the expression and pose: energetic cheering pose with one arm (or paw/wing/tail) raised high, determined sparkling eyes, small motion sparkles.

Cute chibi 3D-rendered mascot in exactly the same art style as the reference image: soft pastel colors, big glossy eyes, gentle rim light, smooth clean shading, very thin soft outline. One character, full body, 3/4 front view, centered, feet resting on an invisible baseline at 88% of the image height, 8% empty margin on every side. Transparent background, no ground shadow, no text, no frame, no border."
2,3,todo,03-new-pets,pet-hamster-2-eat,햄찌 성장 냠냠,public/assets/pets/hamster-2-eat.webp,1024x1024,512x512,transparent,3,high,public/assets/pets/hamster-2.webp,pet-hamster-2,밥 주기 반응,"The exact same character as the reference (햄찌, 성장 stage). Change only the expression and pose: happily eating from a small round food bowl held in front, cheeks puffed, a few crumbs, eyes curved in joy.

Cute chibi 3D-rendered mascot in exactly the same art style as the reference image: soft pastel colors, big glossy eyes, gentle rim light, smooth clean shading, very thin soft outline. One character, full body, 3/4 front view, centered, feet resting on an invisible baseline at 88% of the image height, 8% empty margin on every side. Transparent background, no ground shadow, no text, no frame, no border."
2,3,todo,03-new-pets,pet-hamster-2-happy,햄찌 성장 기뻐함,public/assets/pets/hamster-2-happy.webp,1024x1024,512x512,transparent,3,high,public/assets/pets/hamster-2.webp,pet-hamster-2,쓰다듬기 반응 · 야차전 승리,"The exact same character as the reference (햄찌, 성장 stage). Change only the expression and pose: eyes closed in a big happy smile, rosy cheeks, 2-3 small hearts floating above the head.

Cute chibi 3D-rendered mascot in exactly the same art style as the reference image: soft pastel colors, big glossy eyes, gentle rim light, smooth clean shading, very thin soft outline. One character, full body, 3/4 front view, centered, feet resting on an invisible baseline at 88% of the image height, 8% empty margin on every side. Transparent background, no ground shadow, no text, no frame, no border."
2,3,todo,03-new-pets,pet-hamster-2-sad,햄찌 성장 시무룩,public/assets/pets/hamster-2-sad.webp,1024x1024,512x512,transparent,3,high,public/assets/pets/hamster-2.webp,pet-hamster-2,야차전 패배 · 오래 쉬었을 때,"The exact same character as the reference (햄찌, 성장 stage). Change only the expression and pose: slightly sad pouty face with teary sparkling eyes, ears/head drooping a little, still cute (not crying hard).

Cute chibi 3D-rendered mascot in exactly the same art style as the reference image: soft pastel colors, big glossy eyes, gentle rim light, smooth clean shading, very thin soft outline. One character, full body, 3/4 front view, centered, feet resting on an invisible baseline at 88% of the image height, 8% empty margin on every side. Transparent background, no ground shadow, no text, no frame, no border."
2,3,todo,03-new-pets,pet-hamster-3-cheer,햄찌 최종 응원,public/assets/pets/hamster-3-cheer.webp,1024x1024,512x512,transparent,3,high,public/assets/pets/hamster-3.webp,pet-hamster-3,야차전 공격 · 학습 시작,"The exact same character as the reference (햄찌, 최종 stage). Change only the expression and pose: energetic cheering pose with one arm (or paw/wing/tail) raised high, determined sparkling eyes, small motion sparkles.

Cute chibi 3D-rendered mascot in exactly the same art style as the reference image: soft pastel colors, big glossy eyes, gentle rim light, smooth clean shading, very thin soft outline. One character, full body, 3/4 front view, centered, feet resting on an invisible baseline at 88% of the image height, 8% empty margin on every side. Transparent background, no ground shadow, no text, no frame, no border."
2,3,todo,03-new-pets,pet-hamster-3-eat,햄찌 최종 냠냠,public/assets/pets/hamster-3-eat.webp,1024x1024,512x512,transparent,3,high,public/assets/pets/hamster-3.webp,pet-hamster-3,밥 주기 반응,"The exact same character as the reference (햄찌, 최종 stage). Change only the expression and pose: happily eating from a small round food bowl held in front, cheeks puffed, a few crumbs, eyes curved in joy.

Cute chibi 3D-rendered mascot in exactly the same art style as the reference image: soft pastel colors, big glossy eyes, gentle rim light, smooth clean shading, very thin soft outline. One character, full body, 3/4 front view, centered, feet resting on an invisible baseline at 88% of the image height, 8% empty margin on every side. Transparent background, no ground shadow, no text, no frame, no border."
2,3,todo,03-new-pets,pet-hamster-3-happy,햄찌 최종 기뻐함,public/assets/pets/hamster-3-happy.webp,1024x1024,512x512,transparent,3,high,public/assets/pets/hamster-3.webp,pet-hamster-3,쓰다듬기 반응 · 야차전 승리,"The exact same character as the reference (햄찌, 최종 stage). Change only the expression and pose: eyes closed in a big happy smile, rosy cheeks, 2-3 small hearts floating above the head.

Cute chibi 3D-rendered mascot in exactly the same art style as the reference image: soft pastel colors, big glossy eyes, gentle rim light, smooth clean shading, very thin soft outline. One character, full body, 3/4 front view, centered, feet resting on an invisible baseline at 88% of the image height, 8% empty margin on every side. Transparent background, no ground shadow, no text, no frame, no border."
2,3,todo,03-new-pets,pet-hamster-3-sad,햄찌 최종 시무룩,public/assets/pets/hamster-3-sad.webp,1024x1024,512x512,transparent,3,high,public/assets/pets/hamster-3.webp,pet-hamster-3,야차전 패배 · 오래 쉬었을 때,"The exact same character as the reference (햄찌, 최종 stage). Change only the expression and pose: slightly sad pouty face with teary sparkling eyes, ears/head drooping a little, still cute (not crying hard).

Cute chibi 3D-rendered mascot in exactly the same art style as the reference image: soft pastel colors, big glossy eyes, gentle rim light, smooth clean shading, very thin soft outline. One character, full body, 3/4 front view, centered, feet resting on an invisible baseline at 88% of the image height, 8% empty margin on every side. Transparent background, no ground shadow, no text, no frame, no border."
2,3,todo,03-new-pets,pet-owl-1-cheer,부엉 아기 응원,public/assets/pets/owl-1-cheer.webp,1024x1024,512x512,transparent,3,high,public/assets/pets/owl-1.webp,pet-owl-1,야차전 공격 · 학습 시작,"The exact same character as the reference (부엉, 아기 stage). Change only the expression and pose: energetic cheering pose with one arm (or paw/wing/tail) raised high, determined sparkling eyes, small motion sparkles.

Cute chibi 3D-rendered mascot in exactly the same art style as the reference image: soft pastel colors, big glossy eyes, gentle rim light, smooth clean shading, very thin soft outline. One character, full body, 3/4 front view, centered, feet resting on an invisible baseline at 88% of the image height, 8% empty margin on every side. Transparent background, no ground shadow, no text, no frame, no border."
2,3,todo,03-new-pets,pet-owl-1-eat,부엉 아기 냠냠,public/assets/pets/owl-1-eat.webp,1024x1024,512x512,transparent,3,high,public/assets/pets/owl-1.webp,pet-owl-1,밥 주기 반응,"The exact same character as the reference (부엉, 아기 stage). Change only the expression and pose: happily eating from a small round food bowl held in front, cheeks puffed, a few crumbs, eyes curved in joy.

Cute chibi 3D-rendered mascot in exactly the same art style as the reference image: soft pastel colors, big glossy eyes, gentle rim light, smooth clean shading, very thin soft outline. One character, full body, 3/4 front view, centered, feet resting on an invisible baseline at 88% of the image height, 8% empty margin on every side. Transparent background, no ground shadow, no text, no frame, no border."
2,3,todo,03-new-pets,pet-owl-1-happy,부엉 아기 기뻐함,public/assets/pets/owl-1-happy.webp,1024x1024,512x512,transparent,3,high,public/assets/pets/owl-1.webp,pet-owl-1,쓰다듬기 반응 · 야차전 승리,"The exact same character as the reference (부엉, 아기 stage). Change only the expression and pose: eyes closed in a big happy smile, rosy cheeks, 2-3 small hearts floating above the head.

Cute chibi 3D-rendered mascot in exactly the same art style as the reference image: soft pastel colors, big glossy eyes, gentle rim light, smooth clean shading, very thin soft outline. One character, full body, 3/4 front view, centered, feet resting on an invisible baseline at 88% of the image height, 8% empty margin on every side. Transparent background, no ground shadow, no text, no frame, no border."
2,3,todo,03-new-pets,pet-owl-1-sad,부엉 아기 시무룩,public/assets/pets/owl-1-sad.webp,1024x1024,512x512,transparent,3,high,public/assets/pets/owl-1.webp,pet-owl-1,야차전 패배 · 오래 쉬었을 때,"The exact same character as the reference (부엉, 아기 stage). Change only the expression and pose: slightly sad pouty face with teary sparkling eyes, ears/head drooping a little, still cute (not crying hard).

Cute chibi 3D-rendered mascot in exactly the same art style as the reference image: soft pastel colors, big glossy eyes, gentle rim light, smooth clean shading, very thin soft outline. One character, full body, 3/4 front view, centered, feet resting on an invisible baseline at 88% of the image height, 8% empty margin on every side. Transparent background, no ground shadow, no text, no frame, no border."
2,3,todo,03-new-pets,pet-owl-2-cheer,부엉 성장 응원,public/assets/pets/owl-2-cheer.webp,1024x1024,512x512,transparent,3,high,public/assets/pets/owl-2.webp,pet-owl-2,야차전 공격 · 학습 시작,"The exact same character as the reference (부엉, 성장 stage). Change only the expression and pose: energetic cheering pose with one arm (or paw/wing/tail) raised high, determined sparkling eyes, small motion sparkles.

Cute chibi 3D-rendered mascot in exactly the same art style as the reference image: soft pastel colors, big glossy eyes, gentle rim light, smooth clean shading, very thin soft outline. One character, full body, 3/4 front view, centered, feet resting on an invisible baseline at 88% of the image height, 8% empty margin on every side. Transparent background, no ground shadow, no text, no frame, no border."
2,3,todo,03-new-pets,pet-owl-2-eat,부엉 성장 냠냠,public/assets/pets/owl-2-eat.webp,1024x1024,512x512,transparent,3,high,public/assets/pets/owl-2.webp,pet-owl-2,밥 주기 반응,"The exact same character as the reference (부엉, 성장 stage). Change only the expression and pose: happily eating from a small round food bowl held in front, cheeks puffed, a few crumbs, eyes curved in joy.

Cute chibi 3D-rendered mascot in exactly the same art style as the reference image: soft pastel colors, big glossy eyes, gentle rim light, smooth clean shading, very thin soft outline. One character, full body, 3/4 front view, centered, feet resting on an invisible baseline at 88% of the image height, 8% empty margin on every side. Transparent background, no ground shadow, no text, no frame, no border."
2,3,todo,03-new-pets,pet-owl-2-happy,부엉 성장 기뻐함,public/assets/pets/owl-2-happy.webp,1024x1024,512x512,transparent,3,high,public/assets/pets/owl-2.webp,pet-owl-2,쓰다듬기 반응 · 야차전 승리,"The exact same character as the reference (부엉, 성장 stage). Change only the expression and pose: eyes closed in a big happy smile, rosy cheeks, 2-3 small hearts floating above the head.

Cute chibi 3D-rendered mascot in exactly the same art style as the reference image: soft pastel colors, big glossy eyes, gentle rim light, smooth clean shading, very thin soft outline. One character, full body, 3/4 front view, centered, feet resting on an invisible baseline at 88% of the image height, 8% empty margin on every side. Transparent background, no ground shadow, no text, no frame, no border."
2,3,todo,03-new-pets,pet-owl-2-sad,부엉 성장 시무룩,public/assets/pets/owl-2-sad.webp,1024x1024,512x512,transparent,3,high,public/assets/pets/owl-2.webp,pet-owl-2,야차전 패배 · 오래 쉬었을 때,"The exact same character as the reference (부엉, 성장 stage). Change only the expression and pose: slightly sad pouty face with teary sparkling eyes, ears/head drooping a little, still cute (not crying hard).

Cute chibi 3D-rendered mascot in exactly the same art style as the reference image: soft pastel colors, big glossy eyes, gentle rim light, smooth clean shading, very thin soft outline. One character, full body, 3/4 front view, centered, feet resting on an invisible baseline at 88% of the image height, 8% empty margin on every side. Transparent background, no ground shadow, no text, no frame, no border."
2,3,todo,03-new-pets,pet-owl-3-cheer,부엉 최종 응원,public/assets/pets/owl-3-cheer.webp,1024x1024,512x512,transparent,3,high,public/assets/pets/owl-3.webp,pet-owl-3,야차전 공격 · 학습 시작,"The exact same character as the reference (부엉, 최종 stage). Change only the expression and pose: energetic cheering pose with one arm (or paw/wing/tail) raised high, determined sparkling eyes, small motion sparkles.

Cute chibi 3D-rendered mascot in exactly the same art style as the reference image: soft pastel colors, big glossy eyes, gentle rim light, smooth clean shading, very thin soft outline. One character, full body, 3/4 front view, centered, feet resting on an invisible baseline at 88% of the image height, 8% empty margin on every side. Transparent background, no ground shadow, no text, no frame, no border."
2,3,todo,03-new-pets,pet-owl-3-eat,부엉 최종 냠냠,public/assets/pets/owl-3-eat.webp,1024x1024,512x512,transparent,3,high,public/assets/pets/owl-3.webp,pet-owl-3,밥 주기 반응,"The exact same character as the reference (부엉, 최종 stage). Change only the expression and pose: happily eating from a small round food bowl held in front, cheeks puffed, a few crumbs, eyes curved in joy.

Cute chibi 3D-rendered mascot in exactly the same art style as the reference image: soft pastel colors, big glossy eyes, gentle rim light, smooth clean shading, very thin soft outline. One character, full body, 3/4 front view, centered, feet resting on an invisible baseline at 88% of the image height, 8% empty margin on every side. Transparent background, no ground shadow, no text, no frame, no border."
2,3,todo,03-new-pets,pet-owl-3-happy,부엉 최종 기뻐함,public/assets/pets/owl-3-happy.webp,1024x1024,512x512,transparent,3,high,public/assets/pets/owl-3.webp,pet-owl-3,쓰다듬기 반응 · 야차전 승리,"The exact same character as the reference (부엉, 최종 stage). Change only the expression and pose: eyes closed in a big happy smile, rosy cheeks, 2-3 small hearts floating above the head.

Cute chibi 3D-rendered mascot in exactly the same art style as the reference image: soft pastel colors, big glossy eyes, gentle rim light, smooth clean shading, very thin soft outline. One character, full body, 3/4 front view, centered, feet resting on an invisible baseline at 88% of the image height, 8% empty margin on every side. Transparent background, no ground shadow, no text, no frame, no border."
2,3,todo,03-new-pets,pet-owl-3-sad,부엉 최종 시무룩,public/assets/pets/owl-3-sad.webp,1024x1024,512x512,transparent,3,high,public/assets/pets/owl-3.webp,pet-owl-3,야차전 패배 · 오래 쉬었을 때,"The exact same character as the reference (부엉, 최종 stage). Change only the expression and pose: slightly sad pouty face with teary sparkling eyes, ears/head drooping a little, still cute (not crying hard).

Cute chibi 3D-rendered mascot in exactly the same art style as the reference image: soft pastel colors, big glossy eyes, gentle rim light, smooth clean shading, very thin soft outline. One character, full body, 3/4 front view, centered, feet resting on an invisible baseline at 88% of the image height, 8% empty margin on every side. Transparent background, no ground shadow, no text, no frame, no border."
2,3,todo,03-new-pets,pet-penguin-1-cheer,펭구 아기 응원,public/assets/pets/penguin-1-cheer.webp,1024x1024,512x512,transparent,3,high,public/assets/pets/penguin-1.webp,pet-penguin-1,야차전 공격 · 학습 시작,"The exact same character as the reference (펭구, 아기 stage). Change only the expression and pose: energetic cheering pose with one arm (or paw/wing/tail) raised high, determined sparkling eyes, small motion sparkles.

Cute chibi 3D-rendered mascot in exactly the same art style as the reference image: soft pastel colors, big glossy eyes, gentle rim light, smooth clean shading, very thin soft outline. One character, full body, 3/4 front view, centered, feet resting on an invisible baseline at 88% of the image height, 8% empty margin on every side. Transparent background, no ground shadow, no text, no frame, no border."
2,3,todo,03-new-pets,pet-penguin-1-eat,펭구 아기 냠냠,public/assets/pets/penguin-1-eat.webp,1024x1024,512x512,transparent,3,high,public/assets/pets/penguin-1.webp,pet-penguin-1,밥 주기 반응,"The exact same character as the reference (펭구, 아기 stage). Change only the expression and pose: happily eating from a small round food bowl held in front, cheeks puffed, a few crumbs, eyes curved in joy.

Cute chibi 3D-rendered mascot in exactly the same art style as the reference image: soft pastel colors, big glossy eyes, gentle rim light, smooth clean shading, very thin soft outline. One character, full body, 3/4 front view, centered, feet resting on an invisible baseline at 88% of the image height, 8% empty margin on every side. Transparent background, no ground shadow, no text, no frame, no border."
2,3,todo,03-new-pets,pet-penguin-1-happy,펭구 아기 기뻐함,public/assets/pets/penguin-1-happy.webp,1024x1024,512x512,transparent,3,high,public/assets/pets/penguin-1.webp,pet-penguin-1,쓰다듬기 반응 · 야차전 승리,"The exact same character as the reference (펭구, 아기 stage). Change only the expression and pose: eyes closed in a big happy smile, rosy cheeks, 2-3 small hearts floating above the head.

Cute chibi 3D-rendered mascot in exactly the same art style as the reference image: soft pastel colors, big glossy eyes, gentle rim light, smooth clean shading, very thin soft outline. One character, full body, 3/4 front view, centered, feet resting on an invisible baseline at 88% of the image height, 8% empty margin on every side. Transparent background, no ground shadow, no text, no frame, no border."
2,3,todo,03-new-pets,pet-penguin-1-sad,펭구 아기 시무룩,public/assets/pets/penguin-1-sad.webp,1024x1024,512x512,transparent,3,high,public/assets/pets/penguin-1.webp,pet-penguin-1,야차전 패배 · 오래 쉬었을 때,"The exact same character as the reference (펭구, 아기 stage). Change only the expression and pose: slightly sad pouty face with teary sparkling eyes, ears/head drooping a little, still cute (not crying hard).

Cute chibi 3D-rendered mascot in exactly the same art style as the reference image: soft pastel colors, big glossy eyes, gentle rim light, smooth clean shading, very thin soft outline. One character, full body, 3/4 front view, centered, feet resting on an invisible baseline at 88% of the image height, 8% empty margin on every side. Transparent background, no ground shadow, no text, no frame, no border."
2,3,todo,03-new-pets,pet-penguin-2-cheer,펭구 성장 응원,public/assets/pets/penguin-2-cheer.webp,1024x1024,512x512,transparent,3,high,public/assets/pets/penguin-2.webp,pet-penguin-2,야차전 공격 · 학습 시작,"The exact same character as the reference (펭구, 성장 stage). Change only the expression and pose: energetic cheering pose with one arm (or paw/wing/tail) raised high, determined sparkling eyes, small motion sparkles.

Cute chibi 3D-rendered mascot in exactly the same art style as the reference image: soft pastel colors, big glossy eyes, gentle rim light, smooth clean shading, very thin soft outline. One character, full body, 3/4 front view, centered, feet resting on an invisible baseline at 88% of the image height, 8% empty margin on every side. Transparent background, no ground shadow, no text, no frame, no border."
2,3,todo,03-new-pets,pet-penguin-2-eat,펭구 성장 냠냠,public/assets/pets/penguin-2-eat.webp,1024x1024,512x512,transparent,3,high,public/assets/pets/penguin-2.webp,pet-penguin-2,밥 주기 반응,"The exact same character as the reference (펭구, 성장 stage). Change only the expression and pose: happily eating from a small round food bowl held in front, cheeks puffed, a few crumbs, eyes curved in joy.

Cute chibi 3D-rendered mascot in exactly the same art style as the reference image: soft pastel colors, big glossy eyes, gentle rim light, smooth clean shading, very thin soft outline. One character, full body, 3/4 front view, centered, feet resting on an invisible baseline at 88% of the image height, 8% empty margin on every side. Transparent background, no ground shadow, no text, no frame, no border."
2,3,todo,03-new-pets,pet-penguin-2-happy,펭구 성장 기뻐함,public/assets/pets/penguin-2-happy.webp,1024x1024,512x512,transparent,3,high,public/assets/pets/penguin-2.webp,pet-penguin-2,쓰다듬기 반응 · 야차전 승리,"The exact same character as the reference (펭구, 성장 stage). Change only the expression and pose: eyes closed in a big happy smile, rosy cheeks, 2-3 small hearts floating above the head.

Cute chibi 3D-rendered mascot in exactly the same art style as the reference image: soft pastel colors, big glossy eyes, gentle rim light, smooth clean shading, very thin soft outline. One character, full body, 3/4 front view, centered, feet resting on an invisible baseline at 88% of the image height, 8% empty margin on every side. Transparent background, no ground shadow, no text, no frame, no border."
2,3,todo,03-new-pets,pet-penguin-2-sad,펭구 성장 시무룩,public/assets/pets/penguin-2-sad.webp,1024x1024,512x512,transparent,3,high,public/assets/pets/penguin-2.webp,pet-penguin-2,야차전 패배 · 오래 쉬었을 때,"The exact same character as the reference (펭구, 성장 stage). Change only the expression and pose: slightly sad pouty face with teary sparkling eyes, ears/head drooping a little, still cute (not crying hard).

Cute chibi 3D-rendered mascot in exactly the same art style as the reference image: soft pastel colors, big glossy eyes, gentle rim light, smooth clean shading, very thin soft outline. One character, full body, 3/4 front view, centered, feet resting on an invisible baseline at 88% of the image height, 8% empty margin on every side. Transparent background, no ground shadow, no text, no frame, no border."
2,3,todo,03-new-pets,pet-penguin-3-cheer,펭구 최종 응원,public/assets/pets/penguin-3-cheer.webp,1024x1024,512x512,transparent,3,high,public/assets/pets/penguin-3.webp,pet-penguin-3,야차전 공격 · 학습 시작,"The exact same character as the reference (펭구, 최종 stage). Change only the expression and pose: energetic cheering pose with one arm (or paw/wing/tail) raised high, determined sparkling eyes, small motion sparkles.

Cute chibi 3D-rendered mascot in exactly the same art style as the reference image: soft pastel colors, big glossy eyes, gentle rim light, smooth clean shading, very thin soft outline. One character, full body, 3/4 front view, centered, feet resting on an invisible baseline at 88% of the image height, 8% empty margin on every side. Transparent background, no ground shadow, no text, no frame, no border."
2,3,todo,03-new-pets,pet-penguin-3-eat,펭구 최종 냠냠,public/assets/pets/penguin-3-eat.webp,1024x1024,512x512,transparent,3,high,public/assets/pets/penguin-3.webp,pet-penguin-3,밥 주기 반응,"The exact same character as the reference (펭구, 최종 stage). Change only the expression and pose: happily eating from a small round food bowl held in front, cheeks puffed, a few crumbs, eyes curved in joy.

Cute chibi 3D-rendered mascot in exactly the same art style as the reference image: soft pastel colors, big glossy eyes, gentle rim light, smooth clean shading, very thin soft outline. One character, full body, 3/4 front view, centered, feet resting on an invisible baseline at 88% of the image height, 8% empty margin on every side. Transparent background, no ground shadow, no text, no frame, no border."
2,3,todo,03-new-pets,pet-penguin-3-happy,펭구 최종 기뻐함,public/assets/pets/penguin-3-happy.webp,1024x1024,512x512,transparent,3,high,public/assets/pets/penguin-3.webp,pet-penguin-3,쓰다듬기 반응 · 야차전 승리,"The exact same character as the reference (펭구, 최종 stage). Change only the expression and pose: eyes closed in a big happy smile, rosy cheeks, 2-3 small hearts floating above the head.

Cute chibi 3D-rendered mascot in exactly the same art style as the reference image: soft pastel colors, big glossy eyes, gentle rim light, smooth clean shading, very thin soft outline. One character, full body, 3/4 front view, centered, feet resting on an invisible baseline at 88% of the image height, 8% empty margin on every side. Transparent background, no ground shadow, no text, no frame, no border."
2,3,todo,03-new-pets,pet-penguin-3-sad,펭구 최종 시무룩,public/assets/pets/penguin-3-sad.webp,1024x1024,512x512,transparent,3,high,public/assets/pets/penguin-3.webp,pet-penguin-3,야차전 패배 · 오래 쉬었을 때,"The exact same character as the reference (펭구, 최종 stage). Change only the expression and pose: slightly sad pouty face with teary sparkling eyes, ears/head drooping a little, still cute (not crying hard).

Cute chibi 3D-rendered mascot in exactly the same art style as the reference image: soft pastel colors, big glossy eyes, gentle rim light, smooth clean shading, very thin soft outline. One character, full body, 3/4 front view, centered, feet resting on an invisible baseline at 88% of the image height, 8% empty margin on every side. Transparent background, no ground shadow, no text, no frame, no border."
2,3,todo,03-new-pets,pet-tiger-1-cheer,호랭 아기 응원,public/assets/pets/tiger-1-cheer.webp,1024x1024,512x512,transparent,3,high,public/assets/pets/tiger-1.webp,pet-tiger-1,야차전 공격 · 학습 시작,"The exact same character as the reference (호랭, 아기 stage). Change only the expression and pose: energetic cheering pose with one arm (or paw/wing/tail) raised high, determined sparkling eyes, small motion sparkles.

Cute chibi 3D-rendered mascot in exactly the same art style as the reference image: soft pastel colors, big glossy eyes, gentle rim light, smooth clean shading, very thin soft outline. One character, full body, 3/4 front view, centered, feet resting on an invisible baseline at 88% of the image height, 8% empty margin on every side. Transparent background, no ground shadow, no text, no frame, no border."
2,3,todo,03-new-pets,pet-tiger-1-eat,호랭 아기 냠냠,public/assets/pets/tiger-1-eat.webp,1024x1024,512x512,transparent,3,high,public/assets/pets/tiger-1.webp,pet-tiger-1,밥 주기 반응,"The exact same character as the reference (호랭, 아기 stage). Change only the expression and pose: happily eating from a small round food bowl held in front, cheeks puffed, a few crumbs, eyes curved in joy.

Cute chibi 3D-rendered mascot in exactly the same art style as the reference image: soft pastel colors, big glossy eyes, gentle rim light, smooth clean shading, very thin soft outline. One character, full body, 3/4 front view, centered, feet resting on an invisible baseline at 88% of the image height, 8% empty margin on every side. Transparent background, no ground shadow, no text, no frame, no border."
2,3,todo,03-new-pets,pet-tiger-1-happy,호랭 아기 기뻐함,public/assets/pets/tiger-1-happy.webp,1024x1024,512x512,transparent,3,high,public/assets/pets/tiger-1.webp,pet-tiger-1,쓰다듬기 반응 · 야차전 승리,"The exact same character as the reference (호랭, 아기 stage). Change only the expression and pose: eyes closed in a big happy smile, rosy cheeks, 2-3 small hearts floating above the head.

Cute chibi 3D-rendered mascot in exactly the same art style as the reference image: soft pastel colors, big glossy eyes, gentle rim light, smooth clean shading, very thin soft outline. One character, full body, 3/4 front view, centered, feet resting on an invisible baseline at 88% of the image height, 8% empty margin on every side. Transparent background, no ground shadow, no text, no frame, no border."
2,3,todo,03-new-pets,pet-tiger-1-sad,호랭 아기 시무룩,public/assets/pets/tiger-1-sad.webp,1024x1024,512x512,transparent,3,high,public/assets/pets/tiger-1.webp,pet-tiger-1,야차전 패배 · 오래 쉬었을 때,"The exact same character as the reference (호랭, 아기 stage). Change only the expression and pose: slightly sad pouty face with teary sparkling eyes, ears/head drooping a little, still cute (not crying hard).

Cute chibi 3D-rendered mascot in exactly the same art style as the reference image: soft pastel colors, big glossy eyes, gentle rim light, smooth clean shading, very thin soft outline. One character, full body, 3/4 front view, centered, feet resting on an invisible baseline at 88% of the image height, 8% empty margin on every side. Transparent background, no ground shadow, no text, no frame, no border."
2,3,todo,03-new-pets,pet-tiger-2-cheer,호랭 성장 응원,public/assets/pets/tiger-2-cheer.webp,1024x1024,512x512,transparent,3,high,public/assets/pets/tiger-2.webp,pet-tiger-2,야차전 공격 · 학습 시작,"The exact same character as the reference (호랭, 성장 stage). Change only the expression and pose: energetic cheering pose with one arm (or paw/wing/tail) raised high, determined sparkling eyes, small motion sparkles.

Cute chibi 3D-rendered mascot in exactly the same art style as the reference image: soft pastel colors, big glossy eyes, gentle rim light, smooth clean shading, very thin soft outline. One character, full body, 3/4 front view, centered, feet resting on an invisible baseline at 88% of the image height, 8% empty margin on every side. Transparent background, no ground shadow, no text, no frame, no border."
2,3,todo,03-new-pets,pet-tiger-2-eat,호랭 성장 냠냠,public/assets/pets/tiger-2-eat.webp,1024x1024,512x512,transparent,3,high,public/assets/pets/tiger-2.webp,pet-tiger-2,밥 주기 반응,"The exact same character as the reference (호랭, 성장 stage). Change only the expression and pose: happily eating from a small round food bowl held in front, cheeks puffed, a few crumbs, eyes curved in joy.

Cute chibi 3D-rendered mascot in exactly the same art style as the reference image: soft pastel colors, big glossy eyes, gentle rim light, smooth clean shading, very thin soft outline. One character, full body, 3/4 front view, centered, feet resting on an invisible baseline at 88% of the image height, 8% empty margin on every side. Transparent background, no ground shadow, no text, no frame, no border."
2,3,todo,03-new-pets,pet-tiger-2-happy,호랭 성장 기뻐함,public/assets/pets/tiger-2-happy.webp,1024x1024,512x512,transparent,3,high,public/assets/pets/tiger-2.webp,pet-tiger-2,쓰다듬기 반응 · 야차전 승리,"The exact same character as the reference (호랭, 성장 stage). Change only the expression and pose: eyes closed in a big happy smile, rosy cheeks, 2-3 small hearts floating above the head.

Cute chibi 3D-rendered mascot in exactly the same art style as the reference image: soft pastel colors, big glossy eyes, gentle rim light, smooth clean shading, very thin soft outline. One character, full body, 3/4 front view, centered, feet resting on an invisible baseline at 88% of the image height, 8% empty margin on every side. Transparent background, no ground shadow, no text, no frame, no border."
2,3,todo,03-new-pets,pet-tiger-2-sad,호랭 성장 시무룩,public/assets/pets/tiger-2-sad.webp,1024x1024,512x512,transparent,3,high,public/assets/pets/tiger-2.webp,pet-tiger-2,야차전 패배 · 오래 쉬었을 때,"The exact same character as the reference (호랭, 성장 stage). Change only the expression and pose: slightly sad pouty face with teary sparkling eyes, ears/head drooping a little, still cute (not crying hard).

Cute chibi 3D-rendered mascot in exactly the same art style as the reference image: soft pastel colors, big glossy eyes, gentle rim light, smooth clean shading, very thin soft outline. One character, full body, 3/4 front view, centered, feet resting on an invisible baseline at 88% of the image height, 8% empty margin on every side. Transparent background, no ground shadow, no text, no frame, no border."
2,3,todo,03-new-pets,pet-tiger-3-cheer,호랭 최종 응원,public/assets/pets/tiger-3-cheer.webp,1024x1024,512x512,transparent,3,high,public/assets/pets/tiger-3.webp,pet-tiger-3,야차전 공격 · 학습 시작,"The exact same character as the reference (호랭, 최종 stage). Change only the expression and pose: energetic cheering pose with one arm (or paw/wing/tail) raised high, determined sparkling eyes, small motion sparkles.

Cute chibi 3D-rendered mascot in exactly the same art style as the reference image: soft pastel colors, big glossy eyes, gentle rim light, smooth clean shading, very thin soft outline. One character, full body, 3/4 front view, centered, feet resting on an invisible baseline at 88% of the image height, 8% empty margin on every side. Transparent background, no ground shadow, no text, no frame, no border."
2,3,todo,03-new-pets,pet-tiger-3-eat,호랭 최종 냠냠,public/assets/pets/tiger-3-eat.webp,1024x1024,512x512,transparent,3,high,public/assets/pets/tiger-3.webp,pet-tiger-3,밥 주기 반응,"The exact same character as the reference (호랭, 최종 stage). Change only the expression and pose: happily eating from a small round food bowl held in front, cheeks puffed, a few crumbs, eyes curved in joy.

Cute chibi 3D-rendered mascot in exactly the same art style as the reference image: soft pastel colors, big glossy eyes, gentle rim light, smooth clean shading, very thin soft outline. One character, full body, 3/4 front view, centered, feet resting on an invisible baseline at 88% of the image height, 8% empty margin on every side. Transparent background, no ground shadow, no text, no frame, no border."
2,3,todo,03-new-pets,pet-tiger-3-happy,호랭 최종 기뻐함,public/assets/pets/tiger-3-happy.webp,1024x1024,512x512,transparent,3,high,public/assets/pets/tiger-3.webp,pet-tiger-3,쓰다듬기 반응 · 야차전 승리,"The exact same character as the reference (호랭, 최종 stage). Change only the expression and pose: eyes closed in a big happy smile, rosy cheeks, 2-3 small hearts floating above the head.

Cute chibi 3D-rendered mascot in exactly the same art style as the reference image: soft pastel colors, big glossy eyes, gentle rim light, smooth clean shading, very thin soft outline. One character, full body, 3/4 front view, centered, feet resting on an invisible baseline at 88% of the image height, 8% empty margin on every side. Transparent background, no ground shadow, no text, no frame, no border."
2,3,todo,03-new-pets,pet-tiger-3-sad,호랭 최종 시무룩,public/assets/pets/tiger-3-sad.webp,1024x1024,512x512,transparent,3,high,public/assets/pets/tiger-3.webp,pet-tiger-3,야차전 패배 · 오래 쉬었을 때,"The exact same character as the reference (호랭, 최종 stage). Change only the expression and pose: slightly sad pouty face with teary sparkling eyes, ears/head drooping a little, still cute (not crying hard).

Cute chibi 3D-rendered mascot in exactly the same art style as the reference image: soft pastel colors, big glossy eyes, gentle rim light, smooth clean shading, very thin soft outline. One character, full body, 3/4 front view, centered, feet resting on an invisible baseline at 88% of the image height, 8% empty margin on every side. Transparent background, no ground shadow, no text, no frame, no border."
2,3,todo,03-new-pets,pet-turtle-1-cheer,꼬북 아기 응원,public/assets/pets/turtle-1-cheer.webp,1024x1024,512x512,transparent,3,high,public/assets/pets/turtle-1.webp,pet-turtle-1,야차전 공격 · 학습 시작,"The exact same character as the reference (꼬북, 아기 stage). Change only the expression and pose: energetic cheering pose with one arm (or paw/wing/tail) raised high, determined sparkling eyes, small motion sparkles.

Cute chibi 3D-rendered mascot in exactly the same art style as the reference image: soft pastel colors, big glossy eyes, gentle rim light, smooth clean shading, very thin soft outline. One character, full body, 3/4 front view, centered, feet resting on an invisible baseline at 88% of the image height, 8% empty margin on every side. Transparent background, no ground shadow, no text, no frame, no border."
2,3,todo,03-new-pets,pet-turtle-1-eat,꼬북 아기 냠냠,public/assets/pets/turtle-1-eat.webp,1024x1024,512x512,transparent,3,high,public/assets/pets/turtle-1.webp,pet-turtle-1,밥 주기 반응,"The exact same character as the reference (꼬북, 아기 stage). Change only the expression and pose: happily eating from a small round food bowl held in front, cheeks puffed, a few crumbs, eyes curved in joy.

Cute chibi 3D-rendered mascot in exactly the same art style as the reference image: soft pastel colors, big glossy eyes, gentle rim light, smooth clean shading, very thin soft outline. One character, full body, 3/4 front view, centered, feet resting on an invisible baseline at 88% of the image height, 8% empty margin on every side. Transparent background, no ground shadow, no text, no frame, no border."
2,3,todo,03-new-pets,pet-turtle-1-happy,꼬북 아기 기뻐함,public/assets/pets/turtle-1-happy.webp,1024x1024,512x512,transparent,3,high,public/assets/pets/turtle-1.webp,pet-turtle-1,쓰다듬기 반응 · 야차전 승리,"The exact same character as the reference (꼬북, 아기 stage). Change only the expression and pose: eyes closed in a big happy smile, rosy cheeks, 2-3 small hearts floating above the head.

Cute chibi 3D-rendered mascot in exactly the same art style as the reference image: soft pastel colors, big glossy eyes, gentle rim light, smooth clean shading, very thin soft outline. One character, full body, 3/4 front view, centered, feet resting on an invisible baseline at 88% of the image height, 8% empty margin on every side. Transparent background, no ground shadow, no text, no frame, no border."
2,3,todo,03-new-pets,pet-turtle-1-sad,꼬북 아기 시무룩,public/assets/pets/turtle-1-sad.webp,1024x1024,512x512,transparent,3,high,public/assets/pets/turtle-1.webp,pet-turtle-1,야차전 패배 · 오래 쉬었을 때,"The exact same character as the reference (꼬북, 아기 stage). Change only the expression and pose: slightly sad pouty face with teary sparkling eyes, ears/head drooping a little, still cute (not crying hard).

Cute chibi 3D-rendered mascot in exactly the same art style as the reference image: soft pastel colors, big glossy eyes, gentle rim light, smooth clean shading, very thin soft outline. One character, full body, 3/4 front view, centered, feet resting on an invisible baseline at 88% of the image height, 8% empty margin on every side. Transparent background, no ground shadow, no text, no frame, no border."
2,3,todo,03-new-pets,pet-turtle-2-cheer,꼬북 성장 응원,public/assets/pets/turtle-2-cheer.webp,1024x1024,512x512,transparent,3,high,public/assets/pets/turtle-2.webp,pet-turtle-2,야차전 공격 · 학습 시작,"The exact same character as the reference (꼬북, 성장 stage). Change only the expression and pose: energetic cheering pose with one arm (or paw/wing/tail) raised high, determined sparkling eyes, small motion sparkles.

Cute chibi 3D-rendered mascot in exactly the same art style as the reference image: soft pastel colors, big glossy eyes, gentle rim light, smooth clean shading, very thin soft outline. One character, full body, 3/4 front view, centered, feet resting on an invisible baseline at 88% of the image height, 8% empty margin on every side. Transparent background, no ground shadow, no text, no frame, no border."
2,3,todo,03-new-pets,pet-turtle-2-eat,꼬북 성장 냠냠,public/assets/pets/turtle-2-eat.webp,1024x1024,512x512,transparent,3,high,public/assets/pets/turtle-2.webp,pet-turtle-2,밥 주기 반응,"The exact same character as the reference (꼬북, 성장 stage). Change only the expression and pose: happily eating from a small round food bowl held in front, cheeks puffed, a few crumbs, eyes curved in joy.

Cute chibi 3D-rendered mascot in exactly the same art style as the reference image: soft pastel colors, big glossy eyes, gentle rim light, smooth clean shading, very thin soft outline. One character, full body, 3/4 front view, centered, feet resting on an invisible baseline at 88% of the image height, 8% empty margin on every side. Transparent background, no ground shadow, no text, no frame, no border."
2,3,todo,03-new-pets,pet-turtle-2-happy,꼬북 성장 기뻐함,public/assets/pets/turtle-2-happy.webp,1024x1024,512x512,transparent,3,high,public/assets/pets/turtle-2.webp,pet-turtle-2,쓰다듬기 반응 · 야차전 승리,"The exact same character as the reference (꼬북, 성장 stage). Change only the expression and pose: eyes closed in a big happy smile, rosy cheeks, 2-3 small hearts floating above the head.

Cute chibi 3D-rendered mascot in exactly the same art style as the reference image: soft pastel colors, big glossy eyes, gentle rim light, smooth clean shading, very thin soft outline. One character, full body, 3/4 front view, centered, feet resting on an invisible baseline at 88% of the image height, 8% empty margin on every side. Transparent background, no ground shadow, no text, no frame, no border."
2,3,todo,03-new-pets,pet-turtle-2-sad,꼬북 성장 시무룩,public/assets/pets/turtle-2-sad.webp,1024x1024,512x512,transparent,3,high,public/assets/pets/turtle-2.webp,pet-turtle-2,야차전 패배 · 오래 쉬었을 때,"The exact same character as the reference (꼬북, 성장 stage). Change only the expression and pose: slightly sad pouty face with teary sparkling eyes, ears/head drooping a little, still cute (not crying hard).

Cute chibi 3D-rendered mascot in exactly the same art style as the reference image: soft pastel colors, big glossy eyes, gentle rim light, smooth clean shading, very thin soft outline. One character, full body, 3/4 front view, centered, feet resting on an invisible baseline at 88% of the image height, 8% empty margin on every side. Transparent background, no ground shadow, no text, no frame, no border."
2,3,todo,03-new-pets,pet-turtle-3-cheer,꼬북 최종 응원,public/assets/pets/turtle-3-cheer.webp,1024x1024,512x512,transparent,3,high,public/assets/pets/turtle-3.webp,pet-turtle-3,야차전 공격 · 학습 시작,"The exact same character as the reference (꼬북, 최종 stage). Change only the expression and pose: energetic cheering pose with one arm (or paw/wing/tail) raised high, determined sparkling eyes, small motion sparkles.

Cute chibi 3D-rendered mascot in exactly the same art style as the reference image: soft pastel colors, big glossy eyes, gentle rim light, smooth clean shading, very thin soft outline. One character, full body, 3/4 front view, centered, feet resting on an invisible baseline at 88% of the image height, 8% empty margin on every side. Transparent background, no ground shadow, no text, no frame, no border."
2,3,todo,03-new-pets,pet-turtle-3-eat,꼬북 최종 냠냠,public/assets/pets/turtle-3-eat.webp,1024x1024,512x512,transparent,3,high,public/assets/pets/turtle-3.webp,pet-turtle-3,밥 주기 반응,"The exact same character as the reference (꼬북, 최종 stage). Change only the expression and pose: happily eating from a small round food bowl held in front, cheeks puffed, a few crumbs, eyes curved in joy.

Cute chibi 3D-rendered mascot in exactly the same art style as the reference image: soft pastel colors, big glossy eyes, gentle rim light, smooth clean shading, very thin soft outline. One character, full body, 3/4 front view, centered, feet resting on an invisible baseline at 88% of the image height, 8% empty margin on every side. Transparent background, no ground shadow, no text, no frame, no border."
2,3,todo,03-new-pets,pet-turtle-3-happy,꼬북 최종 기뻐함,public/assets/pets/turtle-3-happy.webp,1024x1024,512x512,transparent,3,high,public/assets/pets/turtle-3.webp,pet-turtle-3,쓰다듬기 반응 · 야차전 승리,"The exact same character as the reference (꼬북, 최종 stage). Change only the expression and pose: eyes closed in a big happy smile, rosy cheeks, 2-3 small hearts floating above the head.

Cute chibi 3D-rendered mascot in exactly the same art style as the reference image: soft pastel colors, big glossy eyes, gentle rim light, smooth clean shading, very thin soft outline. One character, full body, 3/4 front view, centered, feet resting on an invisible baseline at 88% of the image height, 8% empty margin on every side. Transparent background, no ground shadow, no text, no frame, no border."
2,3,todo,03-new-pets,pet-turtle-3-sad,꼬북 최종 시무룩,public/assets/pets/turtle-3-sad.webp,1024x1024,512x512,transparent,3,high,public/assets/pets/turtle-3.webp,pet-turtle-3,야차전 패배 · 오래 쉬었을 때,"The exact same character as the reference (꼬북, 최종 stage). Change only the expression and pose: slightly sad pouty face with teary sparkling eyes, ears/head drooping a little, still cute (not crying hard).

Cute chibi 3D-rendered mascot in exactly the same art style as the reference image: soft pastel colors, big glossy eyes, gentle rim light, smooth clean shading, very thin soft outline. One character, full body, 3/4 front view, centered, feet resting on an invisible baseline at 88% of the image height, 8% empty margin on every side. Transparent background, no ground shadow, no text, no frame, no border."
2,3,todo,03-new-pets,pet-unicorn-1-cheer,유니 아기 응원,public/assets/pets/unicorn-1-cheer.webp,1024x1024,512x512,transparent,3,high,public/assets/pets/unicorn-1.webp,pet-unicorn-1,야차전 공격 · 학습 시작,"The exact same character as the reference (유니, 아기 stage). Change only the expression and pose: energetic cheering pose with one arm (or paw/wing/tail) raised high, determined sparkling eyes, small motion sparkles.

Cute chibi 3D-rendered mascot in exactly the same art style as the reference image: soft pastel colors, big glossy eyes, gentle rim light, smooth clean shading, very thin soft outline. One character, full body, 3/4 front view, centered, feet resting on an invisible baseline at 88% of the image height, 8% empty margin on every side. Transparent background, no ground shadow, no text, no frame, no border."
2,3,todo,03-new-pets,pet-unicorn-1-eat,유니 아기 냠냠,public/assets/pets/unicorn-1-eat.webp,1024x1024,512x512,transparent,3,high,public/assets/pets/unicorn-1.webp,pet-unicorn-1,밥 주기 반응,"The exact same character as the reference (유니, 아기 stage). Change only the expression and pose: happily eating from a small round food bowl held in front, cheeks puffed, a few crumbs, eyes curved in joy.

Cute chibi 3D-rendered mascot in exactly the same art style as the reference image: soft pastel colors, big glossy eyes, gentle rim light, smooth clean shading, very thin soft outline. One character, full body, 3/4 front view, centered, feet resting on an invisible baseline at 88% of the image height, 8% empty margin on every side. Transparent background, no ground shadow, no text, no frame, no border."
2,3,todo,03-new-pets,pet-unicorn-1-happy,유니 아기 기뻐함,public/assets/pets/unicorn-1-happy.webp,1024x1024,512x512,transparent,3,high,public/assets/pets/unicorn-1.webp,pet-unicorn-1,쓰다듬기 반응 · 야차전 승리,"The exact same character as the reference (유니, 아기 stage). Change only the expression and pose: eyes closed in a big happy smile, rosy cheeks, 2-3 small hearts floating above the head.

Cute chibi 3D-rendered mascot in exactly the same art style as the reference image: soft pastel colors, big glossy eyes, gentle rim light, smooth clean shading, very thin soft outline. One character, full body, 3/4 front view, centered, feet resting on an invisible baseline at 88% of the image height, 8% empty margin on every side. Transparent background, no ground shadow, no text, no frame, no border."
2,3,todo,03-new-pets,pet-unicorn-1-sad,유니 아기 시무룩,public/assets/pets/unicorn-1-sad.webp,1024x1024,512x512,transparent,3,high,public/assets/pets/unicorn-1.webp,pet-unicorn-1,야차전 패배 · 오래 쉬었을 때,"The exact same character as the reference (유니, 아기 stage). Change only the expression and pose: slightly sad pouty face with teary sparkling eyes, ears/head drooping a little, still cute (not crying hard).

Cute chibi 3D-rendered mascot in exactly the same art style as the reference image: soft pastel colors, big glossy eyes, gentle rim light, smooth clean shading, very thin soft outline. One character, full body, 3/4 front view, centered, feet resting on an invisible baseline at 88% of the image height, 8% empty margin on every side. Transparent background, no ground shadow, no text, no frame, no border."
2,3,todo,03-new-pets,pet-unicorn-2-cheer,유니 성장 응원,public/assets/pets/unicorn-2-cheer.webp,1024x1024,512x512,transparent,3,high,public/assets/pets/unicorn-2.webp,pet-unicorn-2,야차전 공격 · 학습 시작,"The exact same character as the reference (유니, 성장 stage). Change only the expression and pose: energetic cheering pose with one arm (or paw/wing/tail) raised high, determined sparkling eyes, small motion sparkles.

Cute chibi 3D-rendered mascot in exactly the same art style as the reference image: soft pastel colors, big glossy eyes, gentle rim light, smooth clean shading, very thin soft outline. One character, full body, 3/4 front view, centered, feet resting on an invisible baseline at 88% of the image height, 8% empty margin on every side. Transparent background, no ground shadow, no text, no frame, no border."
2,3,todo,03-new-pets,pet-unicorn-2-eat,유니 성장 냠냠,public/assets/pets/unicorn-2-eat.webp,1024x1024,512x512,transparent,3,high,public/assets/pets/unicorn-2.webp,pet-unicorn-2,밥 주기 반응,"The exact same character as the reference (유니, 성장 stage). Change only the expression and pose: happily eating from a small round food bowl held in front, cheeks puffed, a few crumbs, eyes curved in joy.

Cute chibi 3D-rendered mascot in exactly the same art style as the reference image: soft pastel colors, big glossy eyes, gentle rim light, smooth clean shading, very thin soft outline. One character, full body, 3/4 front view, centered, feet resting on an invisible baseline at 88% of the image height, 8% empty margin on every side. Transparent background, no ground shadow, no text, no frame, no border."
2,3,todo,03-new-pets,pet-unicorn-2-happy,유니 성장 기뻐함,public/assets/pets/unicorn-2-happy.webp,1024x1024,512x512,transparent,3,high,public/assets/pets/unicorn-2.webp,pet-unicorn-2,쓰다듬기 반응 · 야차전 승리,"The exact same character as the reference (유니, 성장 stage). Change only the expression and pose: eyes closed in a big happy smile, rosy cheeks, 2-3 small hearts floating above the head.

Cute chibi 3D-rendered mascot in exactly the same art style as the reference image: soft pastel colors, big glossy eyes, gentle rim light, smooth clean shading, very thin soft outline. One character, full body, 3/4 front view, centered, feet resting on an invisible baseline at 88% of the image height, 8% empty margin on every side. Transparent background, no ground shadow, no text, no frame, no border."
2,3,todo,03-new-pets,pet-unicorn-2-sad,유니 성장 시무룩,public/assets/pets/unicorn-2-sad.webp,1024x1024,512x512,transparent,3,high,public/assets/pets/unicorn-2.webp,pet-unicorn-2,야차전 패배 · 오래 쉬었을 때,"The exact same character as the reference (유니, 성장 stage). Change only the expression and pose: slightly sad pouty face with teary sparkling eyes, ears/head drooping a little, still cute (not crying hard).

Cute chibi 3D-rendered mascot in exactly the same art style as the reference image: soft pastel colors, big glossy eyes, gentle rim light, smooth clean shading, very thin soft outline. One character, full body, 3/4 front view, centered, feet resting on an invisible baseline at 88% of the image height, 8% empty margin on every side. Transparent background, no ground shadow, no text, no frame, no border."
2,3,todo,03-new-pets,pet-unicorn-3-cheer,유니 최종 응원,public/assets/pets/unicorn-3-cheer.webp,1024x1024,512x512,transparent,3,high,public/assets/pets/unicorn-3.webp,pet-unicorn-3,야차전 공격 · 학습 시작,"The exact same character as the reference (유니, 최종 stage). Change only the expression and pose: energetic cheering pose with one arm (or paw/wing/tail) raised high, determined sparkling eyes, small motion sparkles.

Cute chibi 3D-rendered mascot in exactly the same art style as the reference image: soft pastel colors, big glossy eyes, gentle rim light, smooth clean shading, very thin soft outline. One character, full body, 3/4 front view, centered, feet resting on an invisible baseline at 88% of the image height, 8% empty margin on every side. Transparent background, no ground shadow, no text, no frame, no border."
2,3,todo,03-new-pets,pet-unicorn-3-eat,유니 최종 냠냠,public/assets/pets/unicorn-3-eat.webp,1024x1024,512x512,transparent,3,high,public/assets/pets/unicorn-3.webp,pet-unicorn-3,밥 주기 반응,"The exact same character as the reference (유니, 최종 stage). Change only the expression and pose: happily eating from a small round food bowl held in front, cheeks puffed, a few crumbs, eyes curved in joy.

Cute chibi 3D-rendered mascot in exactly the same art style as the reference image: soft pastel colors, big glossy eyes, gentle rim light, smooth clean shading, very thin soft outline. One character, full body, 3/4 front view, centered, feet resting on an invisible baseline at 88% of the image height, 8% empty margin on every side. Transparent background, no ground shadow, no text, no frame, no border."
2,3,todo,03-new-pets,pet-unicorn-3-happy,유니 최종 기뻐함,public/assets/pets/unicorn-3-happy.webp,1024x1024,512x512,transparent,3,high,public/assets/pets/unicorn-3.webp,pet-unicorn-3,쓰다듬기 반응 · 야차전 승리,"The exact same character as the reference (유니, 최종 stage). Change only the expression and pose: eyes closed in a big happy smile, rosy cheeks, 2-3 small hearts floating above the head.

Cute chibi 3D-rendered mascot in exactly the same art style as the reference image: soft pastel colors, big glossy eyes, gentle rim light, smooth clean shading, very thin soft outline. One character, full body, 3/4 front view, centered, feet resting on an invisible baseline at 88% of the image height, 8% empty margin on every side. Transparent background, no ground shadow, no text, no frame, no border."
2,3,todo,03-new-pets,pet-unicorn-3-sad,유니 최종 시무룩,public/assets/pets/unicorn-3-sad.webp,1024x1024,512x512,transparent,3,high,public/assets/pets/unicorn-3.webp,pet-unicorn-3,야차전 패배 · 오래 쉬었을 때,"The exact same character as the reference (유니, 최종 stage). Change only the expression and pose: slightly sad pouty face with teary sparkling eyes, ears/head drooping a little, still cute (not crying hard).

Cute chibi 3D-rendered mascot in exactly the same art style as the reference image: soft pastel colors, big glossy eyes, gentle rim light, smooth clean shading, very thin soft outline. One character, full body, 3/4 front view, centered, feet resting on an invisible baseline at 88% of the image height, 8% empty margin on every side. Transparent background, no ground shadow, no text, no frame, no border."
2,3,todo,04-robots,bot-guardian-cheer,가디언 응원,public/assets/bots/guardian-cheer.webp,1024x1024,512x512,transparent,3,high,public/assets/bots/guardian.webp,bot-guardian,로보 대결 공격,"The exact same robot as the reference. Change only the expression and pose (screen eyes may change shape): energetic cheering pose with one arm (or paw/wing/tail) raised high, determined sparkling eyes, small motion sparkles.

Cute chibi 3D toy-like robot mascot in the same art style as the reference image: rounded glossy plastic shell with soft metal parts, big friendly screen eyes, pastel colors, gentle rim light. One character, full body, 3/4 front view, centered, feet on an invisible baseline at 88% of the image height, 8% margin. Transparent background, no ground shadow, no text."
2,3,todo,04-robots,bot-guardian-happy,가디언 기뻐함,public/assets/bots/guardian-happy.webp,1024x1024,512x512,transparent,3,high,public/assets/bots/guardian.webp,bot-guardian,로보 대결 승리,"The exact same robot as the reference. Change only the expression and pose (screen eyes may change shape): eyes closed in a big happy smile, rosy cheeks, 2-3 small hearts floating above the head.

Cute chibi 3D toy-like robot mascot in the same art style as the reference image: rounded glossy plastic shell with soft metal parts, big friendly screen eyes, pastel colors, gentle rim light. One character, full body, 3/4 front view, centered, feet on an invisible baseline at 88% of the image height, 8% margin. Transparent background, no ground shadow, no text."
2,3,todo,04-robots,bot-guardian-sad,가디언 시무룩,public/assets/bots/guardian-sad.webp,1024x1024,512x512,transparent,3,high,public/assets/bots/guardian.webp,bot-guardian,로보 대결 패배,"The exact same robot as the reference. Change only the expression and pose (screen eyes may change shape): slightly sad pouty face with teary sparkling eyes, ears/head drooping a little, still cute (not crying hard).

Cute chibi 3D toy-like robot mascot in the same art style as the reference image: rounded glossy plastic shell with soft metal parts, big friendly screen eyes, pastel colors, gentle rim light. One character, full body, 3/4 front view, centered, feet on an invisible baseline at 88% of the image height, 8% margin. Transparent background, no ground shadow, no text."
2,3,todo,04-robots,bot-king-cheer,킹봇 응원,public/assets/bots/king-cheer.webp,1024x1024,512x512,transparent,3,high,public/assets/bots/king.webp,bot-king,로보 대결 공격,"The exact same robot as the reference. Change only the expression and pose (screen eyes may change shape): energetic cheering pose with one arm (or paw/wing/tail) raised high, determined sparkling eyes, small motion sparkles.

Cute chibi 3D toy-like robot mascot in the same art style as the reference image: rounded glossy plastic shell with soft metal parts, big friendly screen eyes, pastel colors, gentle rim light. One character, full body, 3/4 front view, centered, feet on an invisible baseline at 88% of the image height, 8% margin. Transparent background, no ground shadow, no text."
2,3,todo,04-robots,bot-king-happy,킹봇 기뻐함,public/assets/bots/king-happy.webp,1024x1024,512x512,transparent,3,high,public/assets/bots/king.webp,bot-king,로보 대결 승리,"The exact same robot as the reference. Change only the expression and pose (screen eyes may change shape): eyes closed in a big happy smile, rosy cheeks, 2-3 small hearts floating above the head.

Cute chibi 3D toy-like robot mascot in the same art style as the reference image: rounded glossy plastic shell with soft metal parts, big friendly screen eyes, pastel colors, gentle rim light. One character, full body, 3/4 front view, centered, feet on an invisible baseline at 88% of the image height, 8% margin. Transparent background, no ground shadow, no text."
2,3,todo,04-robots,bot-king-sad,킹봇 시무룩,public/assets/bots/king-sad.webp,1024x1024,512x512,transparent,3,high,public/assets/bots/king.webp,bot-king,로보 대결 패배,"The exact same robot as the reference. Change only the expression and pose (screen eyes may change shape): slightly sad pouty face with teary sparkling eyes, ears/head drooping a little, still cute (not crying hard).

Cute chibi 3D toy-like robot mascot in the same art style as the reference image: rounded glossy plastic shell with soft metal parts, big friendly screen eyes, pastel colors, gentle rim light. One character, full body, 3/4 front view, centered, feet on an invisible baseline at 88% of the image height, 8% margin. Transparent background, no ground shadow, no text."
2,3,todo,04-robots,bot-ninja-cheer,닌자봇 응원,public/assets/bots/ninja-cheer.webp,1024x1024,512x512,transparent,3,high,public/assets/bots/ninja.webp,bot-ninja,로보 대결 공격,"The exact same robot as the reference. Change only the expression and pose (screen eyes may change shape): energetic cheering pose with one arm (or paw/wing/tail) raised high, determined sparkling eyes, small motion sparkles.

Cute chibi 3D toy-like robot mascot in the same art style as the reference image: rounded glossy plastic shell with soft metal parts, big friendly screen eyes, pastel colors, gentle rim light. One character, full body, 3/4 front view, centered, feet on an invisible baseline at 88% of the image height, 8% margin. Transparent background, no ground shadow, no text."
2,3,todo,04-robots,bot-ninja-happy,닌자봇 기뻐함,public/assets/bots/ninja-happy.webp,1024x1024,512x512,transparent,3,high,public/assets/bots/ninja.webp,bot-ninja,로보 대결 승리,"The exact same robot as the reference. Change only the expression and pose (screen eyes may change shape): eyes closed in a big happy smile, rosy cheeks, 2-3 small hearts floating above the head.

Cute chibi 3D toy-like robot mascot in the same art style as the reference image: rounded glossy plastic shell with soft metal parts, big friendly screen eyes, pastel colors, gentle rim light. One character, full body, 3/4 front view, centered, feet on an invisible baseline at 88% of the image height, 8% margin. Transparent background, no ground shadow, no text."
2,3,todo,04-robots,bot-ninja-sad,닌자봇 시무룩,public/assets/bots/ninja-sad.webp,1024x1024,512x512,transparent,3,high,public/assets/bots/ninja.webp,bot-ninja,로보 대결 패배,"The exact same robot as the reference. Change only the expression and pose (screen eyes may change shape): slightly sad pouty face with teary sparkling eyes, ears/head drooping a little, still cute (not crying hard).

Cute chibi 3D toy-like robot mascot in the same art style as the reference image: rounded glossy plastic shell with soft metal parts, big friendly screen eyes, pastel colors, gentle rim light. One character, full body, 3/4 front view, centered, feet on an invisible baseline at 88% of the image height, 8% margin. Transparent background, no ground shadow, no text."
2,3,todo,04-robots,bot-ppippo-cheer,삐뽀 응원,public/assets/bots/ppippo-cheer.webp,1024x1024,512x512,transparent,3,high,public/assets/bots/ppippo.webp,bot-ppippo,로보 대결 공격,"The exact same robot as the reference. Change only the expression and pose (screen eyes may change shape): energetic cheering pose with one arm (or paw/wing/tail) raised high, determined sparkling eyes, small motion sparkles.

Cute chibi 3D toy-like robot mascot in the same art style as the reference image: rounded glossy plastic shell with soft metal parts, big friendly screen eyes, pastel colors, gentle rim light. One character, full body, 3/4 front view, centered, feet on an invisible baseline at 88% of the image height, 8% margin. Transparent background, no ground shadow, no text."
2,3,todo,04-robots,bot-ppippo-happy,삐뽀 기뻐함,public/assets/bots/ppippo-happy.webp,1024x1024,512x512,transparent,3,high,public/assets/bots/ppippo.webp,bot-ppippo,로보 대결 승리,"The exact same robot as the reference. Change only the expression and pose (screen eyes may change shape): eyes closed in a big happy smile, rosy cheeks, 2-3 small hearts floating above the head.

Cute chibi 3D toy-like robot mascot in the same art style as the reference image: rounded glossy plastic shell with soft metal parts, big friendly screen eyes, pastel colors, gentle rim light. One character, full body, 3/4 front view, centered, feet on an invisible baseline at 88% of the image height, 8% margin. Transparent background, no ground shadow, no text."
2,3,todo,04-robots,bot-ppippo-sad,삐뽀 시무룩,public/assets/bots/ppippo-sad.webp,1024x1024,512x512,transparent,3,high,public/assets/bots/ppippo.webp,bot-ppippo,로보 대결 패배,"The exact same robot as the reference. Change only the expression and pose (screen eyes may change shape): slightly sad pouty face with teary sparkling eyes, ears/head drooping a little, still cute (not crying hard).

Cute chibi 3D toy-like robot mascot in the same art style as the reference image: rounded glossy plastic shell with soft metal parts, big friendly screen eyes, pastel colors, gentle rim light. One character, full body, 3/4 front view, centered, feet on an invisible baseline at 88% of the image height, 8% margin. Transparent background, no ground shadow, no text."
2,3,todo,04-robots,bot-speller-cheer,스펠봇 응원,public/assets/bots/speller-cheer.webp,1024x1024,512x512,transparent,3,high,public/assets/bots/speller.webp,bot-speller,로보 대결 공격,"The exact same robot as the reference. Change only the expression and pose (screen eyes may change shape): energetic cheering pose with one arm (or paw/wing/tail) raised high, determined sparkling eyes, small motion sparkles.

Cute chibi 3D toy-like robot mascot in the same art style as the reference image: rounded glossy plastic shell with soft metal parts, big friendly screen eyes, pastel colors, gentle rim light. One character, full body, 3/4 front view, centered, feet on an invisible baseline at 88% of the image height, 8% margin. Transparent background, no ground shadow, no text."
2,3,todo,04-robots,bot-speller-happy,스펠봇 기뻐함,public/assets/bots/speller-happy.webp,1024x1024,512x512,transparent,3,high,public/assets/bots/speller.webp,bot-speller,로보 대결 승리,"The exact same robot as the reference. Change only the expression and pose (screen eyes may change shape): eyes closed in a big happy smile, rosy cheeks, 2-3 small hearts floating above the head.

Cute chibi 3D toy-like robot mascot in the same art style as the reference image: rounded glossy plastic shell with soft metal parts, big friendly screen eyes, pastel colors, gentle rim light. One character, full body, 3/4 front view, centered, feet on an invisible baseline at 88% of the image height, 8% margin. Transparent background, no ground shadow, no text."
2,3,todo,04-robots,bot-speller-sad,스펠봇 시무룩,public/assets/bots/speller-sad.webp,1024x1024,512x512,transparent,3,high,public/assets/bots/speller.webp,bot-speller,로보 대결 패배,"The exact same robot as the reference. Change only the expression and pose (screen eyes may change shape): slightly sad pouty face with teary sparkling eyes, ears/head drooping a little, still cute (not crying hard).

Cute chibi 3D toy-like robot mascot in the same art style as the reference image: rounded glossy plastic shell with soft metal parts, big friendly screen eyes, pastel colors, gentle rim light. One character, full body, 3/4 front view, centered, feet on an invisible baseline at 88% of the image height, 8% margin. Transparent background, no ground shadow, no text."
2,3,todo,04-robots,bot-teacher-cheer,티처봇 응원,public/assets/bots/teacher-cheer.webp,1024x1024,512x512,transparent,3,high,public/assets/bots/teacher.webp,bot-teacher,로보 대결 공격,"The exact same robot as the reference. Change only the expression and pose (screen eyes may change shape): energetic cheering pose with one arm (or paw/wing/tail) raised high, determined sparkling eyes, small motion sparkles.

Cute chibi 3D toy-like robot mascot in the same art style as the reference image: rounded glossy plastic shell with soft metal parts, big friendly screen eyes, pastel colors, gentle rim light. One character, full body, 3/4 front view, centered, feet on an invisible baseline at 88% of the image height, 8% margin. Transparent background, no ground shadow, no text."
2,3,todo,04-robots,bot-teacher-happy,티처봇 기뻐함,public/assets/bots/teacher-happy.webp,1024x1024,512x512,transparent,3,high,public/assets/bots/teacher.webp,bot-teacher,로보 대결 승리,"The exact same robot as the reference. Change only the expression and pose (screen eyes may change shape): eyes closed in a big happy smile, rosy cheeks, 2-3 small hearts floating above the head.

Cute chibi 3D toy-like robot mascot in the same art style as the reference image: rounded glossy plastic shell with soft metal parts, big friendly screen eyes, pastel colors, gentle rim light. One character, full body, 3/4 front view, centered, feet on an invisible baseline at 88% of the image height, 8% margin. Transparent background, no ground shadow, no text."
2,3,todo,04-robots,bot-teacher-sad,티처봇 시무룩,public/assets/bots/teacher-sad.webp,1024x1024,512x512,transparent,3,high,public/assets/bots/teacher.webp,bot-teacher,로보 대결 패배,"The exact same robot as the reference. Change only the expression and pose (screen eyes may change shape): slightly sad pouty face with teary sparkling eyes, ears/head drooping a little, still cute (not crying hard).

Cute chibi 3D toy-like robot mascot in the same art style as the reference image: rounded glossy plastic shell with soft metal parts, big friendly screen eyes, pastel colors, gentle rim light. One character, full body, 3/4 front view, centered, feet on an invisible baseline at 88% of the image height, 8% margin. Transparent background, no ground shadow, no text."
2,3,todo,04-robots,bot-zap-cheer,번개봇 응원,public/assets/bots/zap-cheer.webp,1024x1024,512x512,transparent,3,high,public/assets/bots/zap.webp,bot-zap,로보 대결 공격,"The exact same robot as the reference. Change only the expression and pose (screen eyes may change shape): energetic cheering pose with one arm (or paw/wing/tail) raised high, determined sparkling eyes, small motion sparkles.

Cute chibi 3D toy-like robot mascot in the same art style as the reference image: rounded glossy plastic shell with soft metal parts, big friendly screen eyes, pastel colors, gentle rim light. One character, full body, 3/4 front view, centered, feet on an invisible baseline at 88% of the image height, 8% margin. Transparent background, no ground shadow, no text."
2,3,todo,04-robots,bot-zap-happy,번개봇 기뻐함,public/assets/bots/zap-happy.webp,1024x1024,512x512,transparent,3,high,public/assets/bots/zap.webp,bot-zap,로보 대결 승리,"The exact same robot as the reference. Change only the expression and pose (screen eyes may change shape): eyes closed in a big happy smile, rosy cheeks, 2-3 small hearts floating above the head.

Cute chibi 3D toy-like robot mascot in the same art style as the reference image: rounded glossy plastic shell with soft metal parts, big friendly screen eyes, pastel colors, gentle rim light. One character, full body, 3/4 front view, centered, feet on an invisible baseline at 88% of the image height, 8% margin. Transparent background, no ground shadow, no text."
2,3,todo,04-robots,bot-zap-sad,번개봇 시무룩,public/assets/bots/zap-sad.webp,1024x1024,512x512,transparent,3,high,public/assets/bots/zap.webp,bot-zap,로보 대결 패배,"The exact same robot as the reference. Change only the expression and pose (screen eyes may change shape): slightly sad pouty face with teary sparkling eyes, ears/head drooping a little, still cute (not crying hard).

Cute chibi 3D toy-like robot mascot in the same art style as the reference image: rounded glossy plastic shell with soft metal parts, big friendly screen eyes, pastel colors, gentle rim light. One character, full body, 3/4 front view, centered, feet on an invisible baseline at 88% of the image height, 8% margin. Transparent background, no ground shadow, no text."
2,3,todo,04-robots,pet-robot-1-cheer,로보 1단계 응원,public/assets/pets/robot-1-cheer.webp,1024x1024,512x512,transparent,3,high,public/assets/pets/robot-1.webp,,로보 대결 공격,"The exact same robot as the reference. Change only the expression and pose (screen eyes may change shape): energetic cheering pose with one arm (or paw/wing/tail) raised high, determined sparkling eyes, small motion sparkles.

Cute chibi 3D toy-like robot mascot in the same art style as the reference image: rounded glossy plastic shell with soft metal parts, big friendly screen eyes, pastel colors, gentle rim light. One character, full body, 3/4 front view, centered, feet on an invisible baseline at 88% of the image height, 8% margin. Transparent background, no ground shadow, no text."
2,3,todo,04-robots,pet-robot-1-happy,로보 1단계 기뻐함,public/assets/pets/robot-1-happy.webp,1024x1024,512x512,transparent,3,high,public/assets/pets/robot-1.webp,,로보 대결 승리,"The exact same robot as the reference. Change only the expression and pose (screen eyes may change shape): eyes closed in a big happy smile, rosy cheeks, 2-3 small hearts floating above the head.

Cute chibi 3D toy-like robot mascot in the same art style as the reference image: rounded glossy plastic shell with soft metal parts, big friendly screen eyes, pastel colors, gentle rim light. One character, full body, 3/4 front view, centered, feet on an invisible baseline at 88% of the image height, 8% margin. Transparent background, no ground shadow, no text."
2,3,todo,04-robots,pet-robot-1-sad,로보 1단계 시무룩,public/assets/pets/robot-1-sad.webp,1024x1024,512x512,transparent,3,high,public/assets/pets/robot-1.webp,,로보 대결 패배,"The exact same robot as the reference. Change only the expression and pose (screen eyes may change shape): slightly sad pouty face with teary sparkling eyes, ears/head drooping a little, still cute (not crying hard).

Cute chibi 3D toy-like robot mascot in the same art style as the reference image: rounded glossy plastic shell with soft metal parts, big friendly screen eyes, pastel colors, gentle rim light. One character, full body, 3/4 front view, centered, feet on an invisible baseline at 88% of the image height, 8% margin. Transparent background, no ground shadow, no text."
2,3,todo,04-robots,pet-robot-2-cheer,로보 2단계 응원,public/assets/pets/robot-2-cheer.webp,1024x1024,512x512,transparent,3,high,public/assets/pets/robot-2.webp,,로보 대결 공격,"The exact same robot as the reference. Change only the expression and pose (screen eyes may change shape): energetic cheering pose with one arm (or paw/wing/tail) raised high, determined sparkling eyes, small motion sparkles.

Cute chibi 3D toy-like robot mascot in the same art style as the reference image: rounded glossy plastic shell with soft metal parts, big friendly screen eyes, pastel colors, gentle rim light. One character, full body, 3/4 front view, centered, feet on an invisible baseline at 88% of the image height, 8% margin. Transparent background, no ground shadow, no text."
2,3,todo,04-robots,pet-robot-2-happy,로보 2단계 기뻐함,public/assets/pets/robot-2-happy.webp,1024x1024,512x512,transparent,3,high,public/assets/pets/robot-2.webp,,로보 대결 승리,"The exact same robot as the reference. Change only the expression and pose (screen eyes may change shape): eyes closed in a big happy smile, rosy cheeks, 2-3 small hearts floating above the head.

Cute chibi 3D toy-like robot mascot in the same art style as the reference image: rounded glossy plastic shell with soft metal parts, big friendly screen eyes, pastel colors, gentle rim light. One character, full body, 3/4 front view, centered, feet on an invisible baseline at 88% of the image height, 8% margin. Transparent background, no ground shadow, no text."
2,3,todo,04-robots,pet-robot-2-sad,로보 2단계 시무룩,public/assets/pets/robot-2-sad.webp,1024x1024,512x512,transparent,3,high,public/assets/pets/robot-2.webp,,로보 대결 패배,"The exact same robot as the reference. Change only the expression and pose (screen eyes may change shape): slightly sad pouty face with teary sparkling eyes, ears/head drooping a little, still cute (not crying hard).

Cute chibi 3D toy-like robot mascot in the same art style as the reference image: rounded glossy plastic shell with soft metal parts, big friendly screen eyes, pastel colors, gentle rim light. One character, full body, 3/4 front view, centered, feet on an invisible baseline at 88% of the image height, 8% margin. Transparent background, no ground shadow, no text."
2,3,todo,04-robots,pet-robot-3-cheer,로보 3단계 응원,public/assets/pets/robot-3-cheer.webp,1024x1024,512x512,transparent,3,high,public/assets/pets/robot-3.webp,,로보 대결 공격,"The exact same robot as the reference. Change only the expression and pose (screen eyes may change shape): energetic cheering pose with one arm (or paw/wing/tail) raised high, determined sparkling eyes, small motion sparkles.

Cute chibi 3D toy-like robot mascot in the same art style as the reference image: rounded glossy plastic shell with soft metal parts, big friendly screen eyes, pastel colors, gentle rim light. One character, full body, 3/4 front view, centered, feet on an invisible baseline at 88% of the image height, 8% margin. Transparent background, no ground shadow, no text."
2,3,todo,04-robots,pet-robot-3-happy,로보 3단계 기뻐함,public/assets/pets/robot-3-happy.webp,1024x1024,512x512,transparent,3,high,public/assets/pets/robot-3.webp,,로보 대결 승리,"The exact same robot as the reference. Change only the expression and pose (screen eyes may change shape): eyes closed in a big happy smile, rosy cheeks, 2-3 small hearts floating above the head.

Cute chibi 3D toy-like robot mascot in the same art style as the reference image: rounded glossy plastic shell with soft metal parts, big friendly screen eyes, pastel colors, gentle rim light. One character, full body, 3/4 front view, centered, feet on an invisible baseline at 88% of the image height, 8% margin. Transparent background, no ground shadow, no text."
2,3,todo,04-robots,pet-robot-3-sad,로보 3단계 시무룩,public/assets/pets/robot-3-sad.webp,1024x1024,512x512,transparent,3,high,public/assets/pets/robot-3.webp,,로보 대결 패배,"The exact same robot as the reference. Change only the expression and pose (screen eyes may change shape): slightly sad pouty face with teary sparkling eyes, ears/head drooping a little, still cute (not crying hard).

Cute chibi 3D toy-like robot mascot in the same art style as the reference image: rounded glossy plastic shell with soft metal parts, big friendly screen eyes, pastel colors, gentle rim light. One character, full body, 3/4 front view, centered, feet on an invisible baseline at 88% of the image height, 8% margin. Transparent background, no ground shadow, no text."
2,3,todo,08-app,install-hero,설치 안내 그림,public/assets/ui/install-hero.webp,1536x1024,1024x640,transparent,3,high,public/assets/pets/dog-2.webp,,/install 맨 위,"The puppy from the reference holding a big smartphone with both paws; the phone screen shows a mint app icon; a few sparkles.

Cute chibi 3D-rendered mascot in exactly the same art style as the reference image: soft pastel colors, big glossy eyes, gentle rim light, smooth clean shading, very thin soft outline. One character, full body, 3/4 front view, centered, feet resting on an invisible baseline at 88% of the image height, 8% empty margin on every side. Transparent background, no ground shadow, no text, no frame, no border."
2,4,todo,02-pets-run,pet-cat-1-run,나비 아기 달리기 6프레임,public/assets/pets/cat-1-run.webp,1536x256,3072x512,transparent,4,high,public/assets/pets/cat-1.webp ; public/assets/pets/dog-1-run.webp,,홈 카드에서 펫을 누르면 달리기,"A horizontal sprite sheet of 6 equal square frames (side by side, no gaps, no dividers) showing the exact same kitten character as the first reference running in a loop, side view facing right, like the second reference sheet. Identical character size and baseline in every frame.

Cute chibi 3D-rendered mascot in exactly the same art style as the reference image: soft pastel colors, big glossy eyes, gentle rim light, smooth clean shading, very thin soft outline. One character, full body, 3/4 front view, centered, feet resting on an invisible baseline at 88% of the image height, 8% empty margin on every side. Transparent background, no ground shadow, no text, no frame, no border."
2,4,todo,02-pets-run,pet-cat-2-run,나비 성장 달리기 6프레임,public/assets/pets/cat-2-run.webp,1536x256,3072x512,transparent,4,high,public/assets/pets/cat-2.webp ; public/assets/pets/dog-1-run.webp,,홈 카드에서 펫을 누르면 달리기,"A horizontal sprite sheet of 6 equal square frames (side by side, no gaps, no dividers) showing the exact same kitten character as the first reference running in a loop, side view facing right, like the second reference sheet. Identical character size and baseline in every frame.

Cute chibi 3D-rendered mascot in exactly the same art style as the reference image: soft pastel colors, big glossy eyes, gentle rim light, smooth clean shading, very thin soft outline. One character, full body, 3/4 front view, centered, feet resting on an invisible baseline at 88% of the image height, 8% empty margin on every side. Transparent background, no ground shadow, no text, no frame, no border."
2,4,todo,02-pets-run,pet-cat-3-run,나비 최종 달리기 6프레임,public/assets/pets/cat-3-run.webp,1536x256,3072x512,transparent,4,high,public/assets/pets/cat-3.webp ; public/assets/pets/dog-1-run.webp,,홈 카드에서 펫을 누르면 달리기,"A horizontal sprite sheet of 6 equal square frames (side by side, no gaps, no dividers) showing the exact same kitten character as the first reference running in a loop, side view facing right, like the second reference sheet. Identical character size and baseline in every frame.

Cute chibi 3D-rendered mascot in exactly the same art style as the reference image: soft pastel colors, big glossy eyes, gentle rim light, smooth clean shading, very thin soft outline. One character, full body, 3/4 front view, centered, feet resting on an invisible baseline at 88% of the image height, 8% empty margin on every side. Transparent background, no ground shadow, no text, no frame, no border."
2,4,todo,02-pets-run,pet-dog-2-run,몽이 성장 달리기 6프레임,public/assets/pets/dog-2-run.webp,1536x256,3072x512,transparent,4,high,public/assets/pets/dog-2.webp ; public/assets/pets/dog-1-run.webp,,홈 카드에서 펫을 누르면 달리기,"A horizontal sprite sheet of 6 equal square frames (side by side, no gaps, no dividers) showing the exact same puppy character as the first reference running in a loop, side view facing right, like the second reference sheet. Identical character size and baseline in every frame.

Cute chibi 3D-rendered mascot in exactly the same art style as the reference image: soft pastel colors, big glossy eyes, gentle rim light, smooth clean shading, very thin soft outline. One character, full body, 3/4 front view, centered, feet resting on an invisible baseline at 88% of the image height, 8% empty margin on every side. Transparent background, no ground shadow, no text, no frame, no border."
2,4,todo,02-pets-run,pet-dog-3-run,몽이 최종 달리기 6프레임,public/assets/pets/dog-3-run.webp,1536x256,3072x512,transparent,4,high,public/assets/pets/dog-3.webp ; public/assets/pets/dog-1-run.webp,,홈 카드에서 펫을 누르면 달리기,"A horizontal sprite sheet of 6 equal square frames (side by side, no gaps, no dividers) showing the exact same puppy character as the first reference running in a loop, side view facing right, like the second reference sheet. Identical character size and baseline in every frame.

Cute chibi 3D-rendered mascot in exactly the same art style as the reference image: soft pastel colors, big glossy eyes, gentle rim light, smooth clean shading, very thin soft outline. One character, full body, 3/4 front view, centered, feet resting on an invisible baseline at 88% of the image height, 8% empty margin on every side. Transparent background, no ground shadow, no text, no frame, no border."
2,4,todo,02-pets-run,pet-dragon-1-run,용이 아기 달리기 6프레임,public/assets/pets/dragon-1-run.webp,1536x256,3072x512,transparent,4,high,public/assets/pets/dragon-1.webp ; public/assets/pets/dog-1-run.webp,,홈 카드에서 펫을 누르면 달리기,"A horizontal sprite sheet of 6 equal square frames (side by side, no gaps, no dividers) showing the exact same baby dragon character as the first reference running in a loop, side view facing right, like the second reference sheet. Identical character size and baseline in every frame.

Cute chibi 3D-rendered mascot in exactly the same art style as the reference image: soft pastel colors, big glossy eyes, gentle rim light, smooth clean shading, very thin soft outline. One character, full body, 3/4 front view, centered, feet resting on an invisible baseline at 88% of the image height, 8% empty margin on every side. Transparent background, no ground shadow, no text, no frame, no border."
2,4,todo,02-pets-run,pet-dragon-2-run,용이 성장 달리기 6프레임,public/assets/pets/dragon-2-run.webp,1536x256,3072x512,transparent,4,high,public/assets/pets/dragon-2.webp ; public/assets/pets/dog-1-run.webp,,홈 카드에서 펫을 누르면 달리기,"A horizontal sprite sheet of 6 equal square frames (side by side, no gaps, no dividers) showing the exact same baby dragon character as the first reference running in a loop, side view facing right, like the second reference sheet. Identical character size and baseline in every frame.

Cute chibi 3D-rendered mascot in exactly the same art style as the reference image: soft pastel colors, big glossy eyes, gentle rim light, smooth clean shading, very thin soft outline. One character, full body, 3/4 front view, centered, feet resting on an invisible baseline at 88% of the image height, 8% empty margin on every side. Transparent background, no ground shadow, no text, no frame, no border."
2,4,todo,02-pets-run,pet-dragon-3-run,용이 최종 달리기 6프레임,public/assets/pets/dragon-3-run.webp,1536x256,3072x512,transparent,4,high,public/assets/pets/dragon-3.webp ; public/assets/pets/dog-1-run.webp,,홈 카드에서 펫을 누르면 달리기,"A horizontal sprite sheet of 6 equal square frames (side by side, no gaps, no dividers) showing the exact same baby dragon character as the first reference running in a loop, side view facing right, like the second reference sheet. Identical character size and baseline in every frame.

Cute chibi 3D-rendered mascot in exactly the same art style as the reference image: soft pastel colors, big glossy eyes, gentle rim light, smooth clean shading, very thin soft outline. One character, full body, 3/4 front view, centered, feet resting on an invisible baseline at 88% of the image height, 8% empty margin on every side. Transparent background, no ground shadow, no text, no frame, no border."
2,4,todo,02-pets-run,pet-fox-1-run,호야 아기 달리기 6프레임,public/assets/pets/fox-1-run.webp,1536x256,3072x512,transparent,4,high,public/assets/pets/fox-1.webp ; public/assets/pets/dog-1-run.webp,,홈 카드에서 펫을 누르면 달리기,"A horizontal sprite sheet of 6 equal square frames (side by side, no gaps, no dividers) showing the exact same fox character as the first reference running in a loop, side view facing right, like the second reference sheet. Identical character size and baseline in every frame.

Cute chibi 3D-rendered mascot in exactly the same art style as the reference image: soft pastel colors, big glossy eyes, gentle rim light, smooth clean shading, very thin soft outline. One character, full body, 3/4 front view, centered, feet resting on an invisible baseline at 88% of the image height, 8% empty margin on every side. Transparent background, no ground shadow, no text, no frame, no border."
2,4,todo,02-pets-run,pet-fox-2-run,호야 성장 달리기 6프레임,public/assets/pets/fox-2-run.webp,1536x256,3072x512,transparent,4,high,public/assets/pets/fox-2.webp ; public/assets/pets/dog-1-run.webp,,홈 카드에서 펫을 누르면 달리기,"A horizontal sprite sheet of 6 equal square frames (side by side, no gaps, no dividers) showing the exact same fox character as the first reference running in a loop, side view facing right, like the second reference sheet. Identical character size and baseline in every frame.

Cute chibi 3D-rendered mascot in exactly the same art style as the reference image: soft pastel colors, big glossy eyes, gentle rim light, smooth clean shading, very thin soft outline. One character, full body, 3/4 front view, centered, feet resting on an invisible baseline at 88% of the image height, 8% empty margin on every side. Transparent background, no ground shadow, no text, no frame, no border."
2,4,todo,02-pets-run,pet-fox-3-run,호야 최종 달리기 6프레임,public/assets/pets/fox-3-run.webp,1536x256,3072x512,transparent,4,high,public/assets/pets/fox-3.webp ; public/assets/pets/dog-1-run.webp,,홈 카드에서 펫을 누르면 달리기,"A horizontal sprite sheet of 6 equal square frames (side by side, no gaps, no dividers) showing the exact same fox character as the first reference running in a loop, side view facing right, like the second reference sheet. Identical character size and baseline in every frame.

Cute chibi 3D-rendered mascot in exactly the same art style as the reference image: soft pastel colors, big glossy eyes, gentle rim light, smooth clean shading, very thin soft outline. One character, full body, 3/4 front view, centered, feet resting on an invisible baseline at 88% of the image height, 8% empty margin on every side. Transparent background, no ground shadow, no text, no frame, no border."
2,4,todo,02-pets-run,pet-panda-1-run,밤부 아기 달리기 6프레임,public/assets/pets/panda-1-run.webp,1536x256,3072x512,transparent,4,high,public/assets/pets/panda-1.webp ; public/assets/pets/dog-1-run.webp,,홈 카드에서 펫을 누르면 달리기,"A horizontal sprite sheet of 6 equal square frames (side by side, no gaps, no dividers) showing the exact same panda character as the first reference running in a loop, side view facing right, like the second reference sheet. Identical character size and baseline in every frame.

Cute chibi 3D-rendered mascot in exactly the same art style as the reference image: soft pastel colors, big glossy eyes, gentle rim light, smooth clean shading, very thin soft outline. One character, full body, 3/4 front view, centered, feet resting on an invisible baseline at 88% of the image height, 8% empty margin on every side. Transparent background, no ground shadow, no text, no frame, no border."
2,4,todo,02-pets-run,pet-panda-2-run,밤부 성장 달리기 6프레임,public/assets/pets/panda-2-run.webp,1536x256,3072x512,transparent,4,high,public/assets/pets/panda-2.webp ; public/assets/pets/dog-1-run.webp,,홈 카드에서 펫을 누르면 달리기,"A horizontal sprite sheet of 6 equal square frames (side by side, no gaps, no dividers) showing the exact same panda character as the first reference running in a loop, side view facing right, like the second reference sheet. Identical character size and baseline in every frame.

Cute chibi 3D-rendered mascot in exactly the same art style as the reference image: soft pastel colors, big glossy eyes, gentle rim light, smooth clean shading, very thin soft outline. One character, full body, 3/4 front view, centered, feet resting on an invisible baseline at 88% of the image height, 8% empty margin on every side. Transparent background, no ground shadow, no text, no frame, no border."
2,4,todo,02-pets-run,pet-panda-3-run,밤부 최종 달리기 6프레임,public/assets/pets/panda-3-run.webp,1536x256,3072x512,transparent,4,high,public/assets/pets/panda-3.webp ; public/assets/pets/dog-1-run.webp,,홈 카드에서 펫을 누르면 달리기,"A horizontal sprite sheet of 6 equal square frames (side by side, no gaps, no dividers) showing the exact same panda character as the first reference running in a loop, side view facing right, like the second reference sheet. Identical character size and baseline in every frame.

Cute chibi 3D-rendered mascot in exactly the same art style as the reference image: soft pastel colors, big glossy eyes, gentle rim light, smooth clean shading, very thin soft outline. One character, full body, 3/4 front view, centered, feet resting on an invisible baseline at 88% of the image height, 8% empty margin on every side. Transparent background, no ground shadow, no text, no frame, no border."
2,4,todo,02-pets-run,pet-pig-1-run,핑키 아기 달리기 6프레임,public/assets/pets/pig-1-run.webp,1536x256,3072x512,transparent,4,high,public/assets/pets/pig-1.webp ; public/assets/pets/dog-1-run.webp,,홈 카드에서 펫을 누르면 달리기,"A horizontal sprite sheet of 6 equal square frames (side by side, no gaps, no dividers) showing the exact same piglet character as the first reference running in a loop, side view facing right, like the second reference sheet. Identical character size and baseline in every frame.

Cute chibi 3D-rendered mascot in exactly the same art style as the reference image: soft pastel colors, big glossy eyes, gentle rim light, smooth clean shading, very thin soft outline. One character, full body, 3/4 front view, centered, feet resting on an invisible baseline at 88% of the image height, 8% empty margin on every side. Transparent background, no ground shadow, no text, no frame, no border."
2,4,todo,02-pets-run,pet-pig-2-run,핑키 성장 달리기 6프레임,public/assets/pets/pig-2-run.webp,1536x256,3072x512,transparent,4,high,public/assets/pets/pig-2.webp ; public/assets/pets/dog-1-run.webp,,홈 카드에서 펫을 누르면 달리기,"A horizontal sprite sheet of 6 equal square frames (side by side, no gaps, no dividers) showing the exact same piglet character as the first reference running in a loop, side view facing right, like the second reference sheet. Identical character size and baseline in every frame.

Cute chibi 3D-rendered mascot in exactly the same art style as the reference image: soft pastel colors, big glossy eyes, gentle rim light, smooth clean shading, very thin soft outline. One character, full body, 3/4 front view, centered, feet resting on an invisible baseline at 88% of the image height, 8% empty margin on every side. Transparent background, no ground shadow, no text, no frame, no border."
2,4,todo,02-pets-run,pet-pig-3-run,핑키 최종 달리기 6프레임,public/assets/pets/pig-3-run.webp,1536x256,3072x512,transparent,4,high,public/assets/pets/pig-3.webp ; public/assets/pets/dog-1-run.webp,,홈 카드에서 펫을 누르면 달리기,"A horizontal sprite sheet of 6 equal square frames (side by side, no gaps, no dividers) showing the exact same piglet character as the first reference running in a loop, side view facing right, like the second reference sheet. Identical character size and baseline in every frame.

Cute chibi 3D-rendered mascot in exactly the same art style as the reference image: soft pastel colors, big glossy eyes, gentle rim light, smooth clean shading, very thin soft outline. One character, full body, 3/4 front view, centered, feet resting on an invisible baseline at 88% of the image height, 8% empty margin on every side. Transparent background, no ground shadow, no text, no frame, no border."
2,4,todo,02-pets-run,pet-rabbit-1-run,토리 아기 달리기 6프레임,public/assets/pets/rabbit-1-run.webp,1536x256,3072x512,transparent,4,high,public/assets/pets/rabbit-1.webp ; public/assets/pets/dog-1-run.webp,,홈 카드에서 펫을 누르면 달리기,"A horizontal sprite sheet of 6 equal square frames (side by side, no gaps, no dividers) showing the exact same bunny character as the first reference running in a loop, side view facing right, like the second reference sheet. Identical character size and baseline in every frame.

Cute chibi 3D-rendered mascot in exactly the same art style as the reference image: soft pastel colors, big glossy eyes, gentle rim light, smooth clean shading, very thin soft outline. One character, full body, 3/4 front view, centered, feet resting on an invisible baseline at 88% of the image height, 8% empty margin on every side. Transparent background, no ground shadow, no text, no frame, no border."
2,4,todo,02-pets-run,pet-rabbit-2-run,토리 성장 달리기 6프레임,public/assets/pets/rabbit-2-run.webp,1536x256,3072x512,transparent,4,high,public/assets/pets/rabbit-2.webp ; public/assets/pets/dog-1-run.webp,,홈 카드에서 펫을 누르면 달리기,"A horizontal sprite sheet of 6 equal square frames (side by side, no gaps, no dividers) showing the exact same bunny character as the first reference running in a loop, side view facing right, like the second reference sheet. Identical character size and baseline in every frame.

Cute chibi 3D-rendered mascot in exactly the same art style as the reference image: soft pastel colors, big glossy eyes, gentle rim light, smooth clean shading, very thin soft outline. One character, full body, 3/4 front view, centered, feet resting on an invisible baseline at 88% of the image height, 8% empty margin on every side. Transparent background, no ground shadow, no text, no frame, no border."
2,4,todo,02-pets-run,pet-rabbit-3-run,토리 최종 달리기 6프레임,public/assets/pets/rabbit-3-run.webp,1536x256,3072x512,transparent,4,high,public/assets/pets/rabbit-3.webp ; public/assets/pets/dog-1-run.webp,,홈 카드에서 펫을 누르면 달리기,"A horizontal sprite sheet of 6 equal square frames (side by side, no gaps, no dividers) showing the exact same bunny character as the first reference running in a loop, side view facing right, like the second reference sheet. Identical character size and baseline in every frame.

Cute chibi 3D-rendered mascot in exactly the same art style as the reference image: soft pastel colors, big glossy eyes, gentle rim light, smooth clean shading, very thin soft outline. One character, full body, 3/4 front view, centered, feet resting on an invisible baseline at 88% of the image height, 8% empty margin on every side. Transparent background, no ground shadow, no text, no frame, no border."
2,4,todo,02-pets-run,pet-snake-1-run,초롱 아기 달리기 6프레임,public/assets/pets/snake-1-run.webp,1536x256,3072x512,transparent,4,high,public/assets/pets/snake-1.webp ; public/assets/pets/dog-1-run.webp,,홈 카드에서 펫을 누르면 달리기,"A horizontal sprite sheet of 6 equal square frames (side by side, no gaps, no dividers) showing the exact same little snake character as the first reference running in a loop, side view facing right, like the second reference sheet. Identical character size and baseline in every frame.

Cute chibi 3D-rendered mascot in exactly the same art style as the reference image: soft pastel colors, big glossy eyes, gentle rim light, smooth clean shading, very thin soft outline. One character, full body, 3/4 front view, centered, feet resting on an invisible baseline at 88% of the image height, 8% empty margin on every side. Transparent background, no ground shadow, no text, no frame, no border."
2,4,todo,02-pets-run,pet-snake-2-run,초롱 성장 달리기 6프레임,public/assets/pets/snake-2-run.webp,1536x256,3072x512,transparent,4,high,public/assets/pets/snake-2.webp ; public/assets/pets/dog-1-run.webp,,홈 카드에서 펫을 누르면 달리기,"A horizontal sprite sheet of 6 equal square frames (side by side, no gaps, no dividers) showing the exact same little snake character as the first reference running in a loop, side view facing right, like the second reference sheet. Identical character size and baseline in every frame.

Cute chibi 3D-rendered mascot in exactly the same art style as the reference image: soft pastel colors, big glossy eyes, gentle rim light, smooth clean shading, very thin soft outline. One character, full body, 3/4 front view, centered, feet resting on an invisible baseline at 88% of the image height, 8% empty margin on every side. Transparent background, no ground shadow, no text, no frame, no border."
2,4,todo,02-pets-run,pet-snake-3-run,초롱 최종 달리기 6프레임,public/assets/pets/snake-3-run.webp,1536x256,3072x512,transparent,4,high,public/assets/pets/snake-3.webp ; public/assets/pets/dog-1-run.webp,,홈 카드에서 펫을 누르면 달리기,"A horizontal sprite sheet of 6 equal square frames (side by side, no gaps, no dividers) showing the exact same little snake character as the first reference running in a loop, side view facing right, like the second reference sheet. Identical character size and baseline in every frame.

Cute chibi 3D-rendered mascot in exactly the same art style as the reference image: soft pastel colors, big glossy eyes, gentle rim light, smooth clean shading, very thin soft outline. One character, full body, 3/4 front view, centered, feet resting on an invisible baseline at 88% of the image height, 8% empty margin on every side. Transparent background, no ground shadow, no text, no frame, no border."
2,4,todo,07-league,season-bronze,시즌 트로피 브론즈,public/assets/ui/season-bronze.webp,1024x1024,256x256,transparent,3,high,public/assets/ui/league-bronze.webp ; public/assets/ui/trophy.webp,,리그 시즌 마감 보상,"A season-end trophy matching the 브론즈 league emblem in the first reference: bronze finish, cup shape like the second reference, small wings.

Shiny 3D game badge/trophy, metallic with soft gem highlights, symmetric, centered with 8% margin, readable at 64px. Transparent background, no text, no letters."
2,4,todo,07-league,season-diamond,시즌 트로피 다이아,public/assets/ui/season-diamond.webp,1024x1024,256x256,transparent,3,high,public/assets/ui/league-diamond.webp ; public/assets/ui/trophy.webp,,리그 시즌 마감 보상,"A season-end trophy matching the 다이아 league emblem in the first reference: diamond-crystal finish, cup shape like the second reference, small wings.

Shiny 3D game badge/trophy, metallic with soft gem highlights, symmetric, centered with 8% margin, readable at 64px. Transparent background, no text, no letters."
2,4,todo,07-league,season-gold,시즌 트로피 골드,public/assets/ui/season-gold.webp,1024x1024,256x256,transparent,3,high,public/assets/ui/league-gold.webp ; public/assets/ui/trophy.webp,,리그 시즌 마감 보상,"A season-end trophy matching the 골드 league emblem in the first reference: gold finish, cup shape like the second reference, small wings.

Shiny 3D game badge/trophy, metallic with soft gem highlights, symmetric, centered with 8% margin, readable at 64px. Transparent background, no text, no letters."
2,4,todo,07-league,season-silver,시즌 트로피 실버,public/assets/ui/season-silver.webp,1024x1024,256x256,transparent,3,high,public/assets/ui/league-silver.webp ; public/assets/ui/trophy.webp,,리그 시즌 마감 보상,"A season-end trophy matching the 실버 league emblem in the first reference: silver finish, cup shape like the second reference, small wings.

Shiny 3D game badge/trophy, metallic with soft gem highlights, symmetric, centered with 8% margin, readable at 64px. Transparent background, no text, no letters."
2,5,todo,05-bosses,arena-castle,보스 배경: 대마왕의 성,public/assets/bosses/arena-castle.webp,1536x1024,1536x1024,opaque,3,high,,,보스전 화면 배경,"Boss battle stage background: a cute-epic castle made of stacked textbooks and pencils, sunset sky.

Soft painterly 3D game background, bright and friendly, gentle depth of field, no characters, no text; keep the central 60% calm and uncluttered for UI on top."
2,5,todo,05-bosses,arena-classroom,보스 배경: 방과 후 교실,public/assets/bosses/arena-classroom.webp,1536x1024,1536x1024,opaque,3,high,,,보스전 화면 배경,"Boss battle stage background: an empty sunny school classroom after class, desks pushed aside, chalkboard with doodles (no readable text).

Soft painterly 3D game background, bright and friendly, gentle depth of field, no characters, no text; keep the central 60% calm and uncluttered for UI on top."
2,5,todo,05-bosses,arena-exam,보스 배경: 시험장,public/assets/bosses/arena-exam.webp,1536x1024,1536x1024,opaque,3,high,,,보스전 화면 배경,"Boss battle stage background: a dramatic exam hall with rows of desks under spotlights, slightly ominous purple sky through windows.

Soft painterly 3D game background, bright and friendly, gentle depth of field, no characters, no text; keep the central 60% calm and uncluttered for UI on top."
2,5,todo,05-bosses,arena-library,보스 배경: 한밤의 도서관,public/assets/bosses/arena-library.webp,1536x1024,1536x1024,opaque,3,high,,,보스전 화면 배경,"Boss battle stage background: a magical library at night with floating books and warm lamps.

Soft painterly 3D game background, bright and friendly, gentle depth of field, no characters, no text; keep the central 60% calm and uncluttered for UI on top."
2,5,todo,05-bosses,boss-clock-badge,째깍 도둑 격파 배지,public/assets/bosses/clock-badge.webp,1024x1024,256x256,transparent,3,high,public/assets/bosses/clock.webp ; public/assets/ui/trophy.webp,boss-clock,보스 격파 기념(칭호 옆),"A round victory badge with a tiny chibi face of the boss ""째깍 도둑"" from the first reference in the center, laurel ring, bronze and emerald finish.

Shiny 3D game badge/trophy, metallic with soft gem highlights, symmetric, centered with 8% margin, readable at 64px. Transparent background, no text, no letters."
2,5,todo,05-bosses,boss-clock-down,째깍 도둑 쓰러짐,public/assets/bosses/clock-down.webp,1024x1024,768x768,transparent,3,high,public/assets/bosses/clock.webp,boss-clock,보스전 쓰러짐,"The exact same boss as the reference (""째깍 도둑""). Keep the design identical. Change only: defeated and knocked down comically, swirl eyes, little stars circling the head.

Cute-but-mighty chibi 3D game boss for a teen vocabulary game, same rendering quality as the reference: bold readable silhouette, playful menace (never gory or truly scary), glossy materials, strong rim light. One character, full body, facing slightly left toward the player, centered, 6% margin. Transparent background, no ground shadow, no text."
2,5,todo,05-bosses,boss-clock-hurt,째깍 도둑 맞음,public/assets/bosses/clock-hurt.webp,1024x1024,768x768,transparent,3,high,public/assets/bosses/clock.webp,boss-clock,보스전 맞음,"The exact same boss as the reference (""째깍 도둑""). Keep the design identical. Change only: recoiling from a hit, squinting eyes, small impact stars, a few letters flying off.

Cute-but-mighty chibi 3D game boss for a teen vocabulary game, same rendering quality as the reference: bold readable silhouette, playful menace (never gory or truly scary), glossy materials, strong rim light. One character, full body, facing slightly left toward the player, centered, 6% margin. Transparent background, no ground shadow, no text."
2,5,todo,05-bosses,boss-clock-rage,째깍 도둑 분노(체력 30% 이하),public/assets/bosses/clock-rage.webp,1024x1024,768x768,transparent,3,high,public/assets/bosses/clock.webp,boss-clock,보스전 분노(체력 30% 이하),"The exact same boss as the reference (""째깍 도둑""). Keep the design identical. Change only: furious powered-up form, glowing red-orange aura, fiercer eyes, same design.

Cute-but-mighty chibi 3D game boss for a teen vocabulary game, same rendering quality as the reference: bold readable silhouette, playful menace (never gory or truly scary), glossy materials, strong rim light. One character, full body, facing slightly left toward the player, centered, 6% margin. Transparent background, no ground shadow, no text."
2,5,todo,05-bosses,boss-dictdragon-badge,딕셔너리 드래곤 격파 배지,public/assets/bosses/dictdragon-badge.webp,1024x1024,256x256,transparent,3,high,public/assets/bosses/dictdragon.webp ; public/assets/ui/trophy.webp,boss-dictdragon,보스 격파 기념(칭호 옆),"A round victory badge with a tiny chibi face of the boss ""딕셔너리 드래곤"" from the first reference in the center, laurel ring, gold and ruby finish.

Shiny 3D game badge/trophy, metallic with soft gem highlights, symmetric, centered with 8% margin, readable at 64px. Transparent background, no text, no letters."
2,5,todo,05-bosses,boss-dictdragon-down,딕셔너리 드래곤 쓰러짐,public/assets/bosses/dictdragon-down.webp,1024x1024,768x768,transparent,3,high,public/assets/bosses/dictdragon.webp,boss-dictdragon,보스전 쓰러짐,"The exact same boss as the reference (""딕셔너리 드래곤""). Keep the design identical. Change only: defeated and knocked down comically, swirl eyes, little stars circling the head.

Cute-but-mighty chibi 3D game boss for a teen vocabulary game, same rendering quality as the reference: bold readable silhouette, playful menace (never gory or truly scary), glossy materials, strong rim light. One character, full body, facing slightly left toward the player, centered, 6% margin. Transparent background, no ground shadow, no text."
2,5,todo,05-bosses,boss-dictdragon-hurt,딕셔너리 드래곤 맞음,public/assets/bosses/dictdragon-hurt.webp,1024x1024,768x768,transparent,3,high,public/assets/bosses/dictdragon.webp,boss-dictdragon,보스전 맞음,"The exact same boss as the reference (""딕셔너리 드래곤""). Keep the design identical. Change only: recoiling from a hit, squinting eyes, small impact stars, a few letters flying off.

Cute-but-mighty chibi 3D game boss for a teen vocabulary game, same rendering quality as the reference: bold readable silhouette, playful menace (never gory or truly scary), glossy materials, strong rim light. One character, full body, facing slightly left toward the player, centered, 6% margin. Transparent background, no ground shadow, no text."
2,5,todo,05-bosses,boss-dictdragon-rage,딕셔너리 드래곤 분노(체력 30% 이하),public/assets/bosses/dictdragon-rage.webp,1024x1024,768x768,transparent,3,high,public/assets/bosses/dictdragon.webp,boss-dictdragon,보스전 분노(체력 30% 이하),"The exact same boss as the reference (""딕셔너리 드래곤""). Keep the design identical. Change only: furious powered-up form, glowing red-orange aura, fiercer eyes, same design.

Cute-but-mighty chibi 3D game boss for a teen vocabulary game, same rendering quality as the reference: bold readable silhouette, playful menace (never gory or truly scary), glossy materials, strong rim light. One character, full body, facing slightly left toward the player, centered, 6% margin. Transparent background, no ground shadow, no text."
2,5,todo,05-bosses,boss-finalking-badge,수능 대마왕 격파 배지,public/assets/bosses/finalking-badge.webp,1024x1024,256x256,transparent,3,high,public/assets/bosses/finalking.webp ; public/assets/ui/trophy.webp,boss-finalking,보스 격파 기념(칭호 옆),"A round victory badge with a tiny chibi face of the boss ""수능 대마왕"" from the first reference in the center, laurel ring, gold and ruby finish.

Shiny 3D game badge/trophy, metallic with soft gem highlights, symmetric, centered with 8% margin, readable at 64px. Transparent background, no text, no letters."
2,5,todo,05-bosses,boss-finalking-down,수능 대마왕 쓰러짐,public/assets/bosses/finalking-down.webp,1024x1024,768x768,transparent,3,high,public/assets/bosses/finalking.webp,boss-finalking,보스전 쓰러짐,"The exact same boss as the reference (""수능 대마왕""). Keep the design identical. Change only: defeated and knocked down comically, swirl eyes, little stars circling the head.

Cute-but-mighty chibi 3D game boss for a teen vocabulary game, same rendering quality as the reference: bold readable silhouette, playful menace (never gory or truly scary), glossy materials, strong rim light. One character, full body, facing slightly left toward the player, centered, 6% margin. Transparent background, no ground shadow, no text."
2,5,todo,05-bosses,boss-finalking-hurt,수능 대마왕 맞음,public/assets/bosses/finalking-hurt.webp,1024x1024,768x768,transparent,3,high,public/assets/bosses/finalking.webp,boss-finalking,보스전 맞음,"The exact same boss as the reference (""수능 대마왕""). Keep the design identical. Change only: recoiling from a hit, squinting eyes, small impact stars, a few letters flying off.

Cute-but-mighty chibi 3D game boss for a teen vocabulary game, same rendering quality as the reference: bold readable silhouette, playful menace (never gory or truly scary), glossy materials, strong rim light. One character, full body, facing slightly left toward the player, centered, 6% margin. Transparent background, no ground shadow, no text."
2,5,todo,05-bosses,boss-finalking-rage,수능 대마왕 분노(체력 30% 이하),public/assets/bosses/finalking-rage.webp,1024x1024,768x768,transparent,3,high,public/assets/bosses/finalking.webp,boss-finalking,보스전 분노(체력 30% 이하),"The exact same boss as the reference (""수능 대마왕""). Keep the design identical. Change only: furious powered-up form, glowing red-orange aura, fiercer eyes, same design.

Cute-but-mighty chibi 3D game boss for a teen vocabulary game, same rendering quality as the reference: bold readable silhouette, playful menace (never gory or truly scary), glossy materials, strong rim light. One character, full body, facing slightly left toward the player, centered, 6% margin. Transparent background, no ground shadow, no text."
2,5,todo,05-bosses,boss-forgetghost-badge,까먹귀 격파 배지,public/assets/bosses/forgetghost-badge.webp,1024x1024,256x256,transparent,3,high,public/assets/bosses/forgetghost.webp ; public/assets/ui/trophy.webp,boss-forgetghost,보스 격파 기념(칭호 옆),"A round victory badge with a tiny chibi face of the boss ""까먹귀"" from the first reference in the center, laurel ring, bronze and emerald finish.

Shiny 3D game badge/trophy, metallic with soft gem highlights, symmetric, centered with 8% margin, readable at 64px. Transparent background, no text, no letters."
2,5,todo,05-bosses,boss-forgetghost-down,까먹귀 쓰러짐,public/assets/bosses/forgetghost-down.webp,1024x1024,768x768,transparent,3,high,public/assets/bosses/forgetghost.webp,boss-forgetghost,보스전 쓰러짐,"The exact same boss as the reference (""까먹귀""). Keep the design identical. Change only: defeated and knocked down comically, swirl eyes, little stars circling the head.

Cute-but-mighty chibi 3D game boss for a teen vocabulary game, same rendering quality as the reference: bold readable silhouette, playful menace (never gory or truly scary), glossy materials, strong rim light. One character, full body, facing slightly left toward the player, centered, 6% margin. Transparent background, no ground shadow, no text."
2,5,todo,05-bosses,boss-forgetghost-hurt,까먹귀 맞음,public/assets/bosses/forgetghost-hurt.webp,1024x1024,768x768,transparent,3,high,public/assets/bosses/forgetghost.webp,boss-forgetghost,보스전 맞음,"The exact same boss as the reference (""까먹귀""). Keep the design identical. Change only: recoiling from a hit, squinting eyes, small impact stars, a few letters flying off.

Cute-but-mighty chibi 3D game boss for a teen vocabulary game, same rendering quality as the reference: bold readable silhouette, playful menace (never gory or truly scary), glossy materials, strong rim light. One character, full body, facing slightly left toward the player, centered, 6% margin. Transparent background, no ground shadow, no text."
2,5,todo,05-bosses,boss-forgetghost-rage,까먹귀 분노(체력 30% 이하),public/assets/bosses/forgetghost-rage.webp,1024x1024,768x768,transparent,3,high,public/assets/bosses/forgetghost.webp,boss-forgetghost,보스전 분노(체력 30% 이하),"The exact same boss as the reference (""까먹귀""). Keep the design identical. Change only: furious powered-up form, glowing red-orange aura, fiercer eyes, same design.

Cute-but-mighty chibi 3D game boss for a teen vocabulary game, same rendering quality as the reference: bold readable silhouette, playful menace (never gory or truly scary), glossy materials, strong rim light. One character, full body, facing slightly left toward the player, centered, 6% margin. Transparent background, no ground shadow, no text."
2,5,todo,05-bosses,boss-golem-badge,문법 골렘 격파 배지,public/assets/bosses/golem-badge.webp,1024x1024,256x256,transparent,3,high,public/assets/bosses/golem.webp ; public/assets/ui/trophy.webp,boss-golem,보스 격파 기념(칭호 옆),"A round victory badge with a tiny chibi face of the boss ""문법 골렘"" from the first reference in the center, laurel ring, silver and sapphire finish.

Shiny 3D game badge/trophy, metallic with soft gem highlights, symmetric, centered with 8% margin, readable at 64px. Transparent background, no text, no letters."
2,5,todo,05-bosses,boss-golem-down,문법 골렘 쓰러짐,public/assets/bosses/golem-down.webp,1024x1024,768x768,transparent,3,high,public/assets/bosses/golem.webp,boss-golem,보스전 쓰러짐,"The exact same boss as the reference (""문법 골렘""). Keep the design identical. Change only: defeated and knocked down comically, swirl eyes, little stars circling the head.

Cute-but-mighty chibi 3D game boss for a teen vocabulary game, same rendering quality as the reference: bold readable silhouette, playful menace (never gory or truly scary), glossy materials, strong rim light. One character, full body, facing slightly left toward the player, centered, 6% margin. Transparent background, no ground shadow, no text."
2,5,todo,05-bosses,boss-golem-hurt,문법 골렘 맞음,public/assets/bosses/golem-hurt.webp,1024x1024,768x768,transparent,3,high,public/assets/bosses/golem.webp,boss-golem,보스전 맞음,"The exact same boss as the reference (""문법 골렘""). Keep the design identical. Change only: recoiling from a hit, squinting eyes, small impact stars, a few letters flying off.

Cute-but-mighty chibi 3D game boss for a teen vocabulary game, same rendering quality as the reference: bold readable silhouette, playful menace (never gory or truly scary), glossy materials, strong rim light. One character, full body, facing slightly left toward the player, centered, 6% margin. Transparent background, no ground shadow, no text."
2,5,todo,05-bosses,boss-golem-rage,문법 골렘 분노(체력 30% 이하),public/assets/bosses/golem-rage.webp,1024x1024,768x768,transparent,3,high,public/assets/bosses/golem.webp,boss-golem,보스전 분노(체력 30% 이하),"The exact same boss as the reference (""문법 골렘""). Keep the design identical. Change only: furious powered-up form, glowing red-orange aura, fiercer eyes, same design.

Cute-but-mighty chibi 3D game boss for a teen vocabulary game, same rendering quality as the reference: bold readable silhouette, playful menace (never gory or truly scary), glossy materials, strong rim light. One character, full body, facing slightly left toward the player, centered, 6% margin. Transparent background, no ground shadow, no text."
2,5,todo,05-bosses,boss-owlnight-badge,밤샘 부엉 대장 격파 배지,public/assets/bosses/owlnight-badge.webp,1024x1024,256x256,transparent,3,high,public/assets/bosses/owlnight.webp ; public/assets/ui/trophy.webp,boss-owlnight,보스 격파 기념(칭호 옆),"A round victory badge with a tiny chibi face of the boss ""밤샘 부엉 대장"" from the first reference in the center, laurel ring, gold and ruby finish.

Shiny 3D game badge/trophy, metallic with soft gem highlights, symmetric, centered with 8% margin, readable at 64px. Transparent background, no text, no letters."
2,5,todo,05-bosses,boss-owlnight-down,밤샘 부엉 대장 쓰러짐,public/assets/bosses/owlnight-down.webp,1024x1024,768x768,transparent,3,high,public/assets/bosses/owlnight.webp,boss-owlnight,보스전 쓰러짐,"The exact same boss as the reference (""밤샘 부엉 대장""). Keep the design identical. Change only: defeated and knocked down comically, swirl eyes, little stars circling the head.

Cute-but-mighty chibi 3D game boss for a teen vocabulary game, same rendering quality as the reference: bold readable silhouette, playful menace (never gory or truly scary), glossy materials, strong rim light. One character, full body, facing slightly left toward the player, centered, 6% margin. Transparent background, no ground shadow, no text."
2,5,todo,05-bosses,boss-owlnight-hurt,밤샘 부엉 대장 맞음,public/assets/bosses/owlnight-hurt.webp,1024x1024,768x768,transparent,3,high,public/assets/bosses/owlnight.webp,boss-owlnight,보스전 맞음,"The exact same boss as the reference (""밤샘 부엉 대장""). Keep the design identical. Change only: recoiling from a hit, squinting eyes, small impact stars, a few letters flying off.

Cute-but-mighty chibi 3D game boss for a teen vocabulary game, same rendering quality as the reference: bold readable silhouette, playful menace (never gory or truly scary), glossy materials, strong rim light. One character, full body, facing slightly left toward the player, centered, 6% margin. Transparent background, no ground shadow, no text."
2,5,todo,05-bosses,boss-owlnight-rage,밤샘 부엉 대장 분노(체력 30% 이하),public/assets/bosses/owlnight-rage.webp,1024x1024,768x768,transparent,3,high,public/assets/bosses/owlnight.webp,boss-owlnight,보스전 분노(체력 30% 이하),"The exact same boss as the reference (""밤샘 부엉 대장""). Keep the design identical. Change only: furious powered-up form, glowing red-orange aura, fiercer eyes, same design.

Cute-but-mighty chibi 3D game boss for a teen vocabulary game, same rendering quality as the reference: bold readable silhouette, playful menace (never gory or truly scary), glossy materials, strong rim light. One character, full body, facing slightly left toward the player, centered, 6% margin. Transparent background, no ground shadow, no text."
2,5,todo,05-bosses,boss-phone-badge,폰마왕 격파 배지,public/assets/bosses/phone-badge.webp,1024x1024,256x256,transparent,3,high,public/assets/bosses/phone.webp ; public/assets/ui/trophy.webp,boss-phone,보스 격파 기념(칭호 옆),"A round victory badge with a tiny chibi face of the boss ""폰마왕"" from the first reference in the center, laurel ring, silver and sapphire finish.

Shiny 3D game badge/trophy, metallic with soft gem highlights, symmetric, centered with 8% margin, readable at 64px. Transparent background, no text, no letters."
2,5,todo,05-bosses,boss-phone-down,폰마왕 쓰러짐,public/assets/bosses/phone-down.webp,1024x1024,768x768,transparent,3,high,public/assets/bosses/phone.webp,boss-phone,보스전 쓰러짐,"The exact same boss as the reference (""폰마왕""). Keep the design identical. Change only: defeated and knocked down comically, swirl eyes, little stars circling the head.

Cute-but-mighty chibi 3D game boss for a teen vocabulary game, same rendering quality as the reference: bold readable silhouette, playful menace (never gory or truly scary), glossy materials, strong rim light. One character, full body, facing slightly left toward the player, centered, 6% margin. Transparent background, no ground shadow, no text."
2,5,todo,05-bosses,boss-phone-hurt,폰마왕 맞음,public/assets/bosses/phone-hurt.webp,1024x1024,768x768,transparent,3,high,public/assets/bosses/phone.webp,boss-phone,보스전 맞음,"The exact same boss as the reference (""폰마왕""). Keep the design identical. Change only: recoiling from a hit, squinting eyes, small impact stars, a few letters flying off.

Cute-but-mighty chibi 3D game boss for a teen vocabulary game, same rendering quality as the reference: bold readable silhouette, playful menace (never gory or truly scary), glossy materials, strong rim light. One character, full body, facing slightly left toward the player, centered, 6% margin. Transparent background, no ground shadow, no text."
2,5,todo,05-bosses,boss-phone-rage,폰마왕 분노(체력 30% 이하),public/assets/bosses/phone-rage.webp,1024x1024,768x768,transparent,3,high,public/assets/bosses/phone.webp,boss-phone,보스전 분노(체력 30% 이하),"The exact same boss as the reference (""폰마왕""). Keep the design identical. Change only: furious powered-up form, glowing red-orange aura, fiercer eyes, same design.

Cute-but-mighty chibi 3D game boss for a teen vocabulary game, same rendering quality as the reference: bold readable silhouette, playful menace (never gory or truly scary), glossy materials, strong rim light. One character, full body, facing slightly left toward the player, centered, 6% margin. Transparent background, no ground shadow, no text."
2,5,todo,05-bosses,boss-pirate-badge,오답 해적 선장 격파 배지,public/assets/bosses/pirate-badge.webp,1024x1024,256x256,transparent,3,high,public/assets/bosses/pirate.webp ; public/assets/ui/trophy.webp,boss-pirate,보스 격파 기념(칭호 옆),"A round victory badge with a tiny chibi face of the boss ""오답 해적 선장"" from the first reference in the center, laurel ring, silver and sapphire finish.

Shiny 3D game badge/trophy, metallic with soft gem highlights, symmetric, centered with 8% margin, readable at 64px. Transparent background, no text, no letters."
2,5,todo,05-bosses,boss-pirate-down,오답 해적 선장 쓰러짐,public/assets/bosses/pirate-down.webp,1024x1024,768x768,transparent,3,high,public/assets/bosses/pirate.webp,boss-pirate,보스전 쓰러짐,"The exact same boss as the reference (""오답 해적 선장""). Keep the design identical. Change only: defeated and knocked down comically, swirl eyes, little stars circling the head.

Cute-but-mighty chibi 3D game boss for a teen vocabulary game, same rendering quality as the reference: bold readable silhouette, playful menace (never gory or truly scary), glossy materials, strong rim light. One character, full body, facing slightly left toward the player, centered, 6% margin. Transparent background, no ground shadow, no text."
2,5,todo,05-bosses,boss-pirate-hurt,오답 해적 선장 맞음,public/assets/bosses/pirate-hurt.webp,1024x1024,768x768,transparent,3,high,public/assets/bosses/pirate.webp,boss-pirate,보스전 맞음,"The exact same boss as the reference (""오답 해적 선장""). Keep the design identical. Change only: recoiling from a hit, squinting eyes, small impact stars, a few letters flying off.

Cute-but-mighty chibi 3D game boss for a teen vocabulary game, same rendering quality as the reference: bold readable silhouette, playful menace (never gory or truly scary), glossy materials, strong rim light. One character, full body, facing slightly left toward the player, centered, 6% margin. Transparent background, no ground shadow, no text."
2,5,todo,05-bosses,boss-pirate-rage,오답 해적 선장 분노(체력 30% 이하),public/assets/bosses/pirate-rage.webp,1024x1024,768x768,transparent,3,high,public/assets/bosses/pirate.webp,boss-pirate,보스전 분노(체력 30% 이하),"The exact same boss as the reference (""오답 해적 선장""). Keep the design identical. Change only: furious powered-up form, glowing red-orange aura, fiercer eyes, same design.

Cute-but-mighty chibi 3D game boss for a teen vocabulary game, same rendering quality as the reference: bold readable silhouette, playful menace (never gory or truly scary), glossy materials, strong rim light. One character, full body, facing slightly left toward the player, centered, 6% margin. Transparent background, no ground shadow, no text."
2,5,todo,05-bosses,boss-slime-badge,스펠링 슬라임 격파 배지,public/assets/bosses/slime-badge.webp,1024x1024,256x256,transparent,3,high,public/assets/bosses/slime.webp ; public/assets/ui/trophy.webp,boss-slime,보스 격파 기념(칭호 옆),"A round victory badge with a tiny chibi face of the boss ""스펠링 슬라임"" from the first reference in the center, laurel ring, bronze and emerald finish.

Shiny 3D game badge/trophy, metallic with soft gem highlights, symmetric, centered with 8% margin, readable at 64px. Transparent background, no text, no letters."
2,5,todo,05-bosses,boss-slime-down,스펠링 슬라임 쓰러짐,public/assets/bosses/slime-down.webp,1024x1024,768x768,transparent,3,high,public/assets/bosses/slime.webp,boss-slime,보스전 쓰러짐,"The exact same boss as the reference (""스펠링 슬라임""). Keep the design identical. Change only: defeated and knocked down comically, swirl eyes, little stars circling the head.

Cute-but-mighty chibi 3D game boss for a teen vocabulary game, same rendering quality as the reference: bold readable silhouette, playful menace (never gory or truly scary), glossy materials, strong rim light. One character, full body, facing slightly left toward the player, centered, 6% margin. Transparent background, no ground shadow, no text."
2,5,todo,05-bosses,boss-slime-hurt,스펠링 슬라임 맞음,public/assets/bosses/slime-hurt.webp,1024x1024,768x768,transparent,3,high,public/assets/bosses/slime.webp,boss-slime,보스전 맞음,"The exact same boss as the reference (""스펠링 슬라임""). Keep the design identical. Change only: recoiling from a hit, squinting eyes, small impact stars, a few letters flying off.

Cute-but-mighty chibi 3D game boss for a teen vocabulary game, same rendering quality as the reference: bold readable silhouette, playful menace (never gory or truly scary), glossy materials, strong rim light. One character, full body, facing slightly left toward the player, centered, 6% margin. Transparent background, no ground shadow, no text."
2,5,todo,05-bosses,boss-slime-rage,스펠링 슬라임 분노(체력 30% 이하),public/assets/bosses/slime-rage.webp,1024x1024,768x768,transparent,3,high,public/assets/bosses/slime.webp,boss-slime,보스전 분노(체력 30% 이하),"The exact same boss as the reference (""스펠링 슬라임""). Keep the design identical. Change only: furious powered-up form, glowing red-orange aura, fiercer eyes, same design.

Cute-but-mighty chibi 3D game boss for a teen vocabulary game, same rendering quality as the reference: bold readable silhouette, playful menace (never gory or truly scary), glossy materials, strong rim light. One character, full body, facing slightly left toward the player, centered, 6% margin. Transparent background, no ground shadow, no text."
2,5,todo,05-bosses,boss-ui-chest-closed,보상 상자(닫힘),public/assets/bosses/chest-closed.webp,1024x1024,512x512,transparent,3,high,public/assets/ui/trophy.webp,,보스전 UI,"a treasure chest shaped like a pencil case, closed, gold trim

Glossy 3D game UI icon, one object only, slight top-down front view, soft pastel palette with SUMUS mint green (#10B981) accents, clean edges readable at 48px, centered with 10% margin. Transparent background, no text, no letters."
2,5,todo,05-bosses,boss-ui-chest-open,보상 상자(열림),public/assets/bosses/chest-open.webp,1024x1024,512x512,transparent,3,high,public/assets/ui/trophy.webp,,보스전 UI,"the same pencil-case treasure chest opened, glowing coins and a star popping out

Glossy 3D game UI icon, one object only, slight top-down front view, soft pastel palette with SUMUS mint green (#10B981) accents, clean edges readable at 48px, centered with 10% margin. Transparent background, no text, no letters."
2,5,todo,05-bosses,boss-ui-crit,치명타 이펙트,public/assets/bosses/crit.webp,1024x1024,512x512,transparent,3,high,public/assets/ui/trophy.webp,,보스전 UI,"a bigger explosive critical-hit burst with lightning, orange and pink

Glossy 3D game UI icon, one object only, slight top-down front view, soft pastel palette with SUMUS mint green (#10B981) accents, clean edges readable at 48px, centered with 10% margin. Transparent background, no text, no letters."
2,5,todo,05-bosses,boss-ui-hit,타격 이펙트,public/assets/bosses/hit.webp,1024x1024,512x512,transparent,3,high,public/assets/ui/trophy.webp,,보스전 UI,"a comic impact burst with stars and letter fragments, mint and yellow

Glossy 3D game UI icon, one object only, slight top-down front view, soft pastel palette with SUMUS mint green (#10B981) accents, clean edges readable at 48px, centered with 10% margin. Transparent background, no text, no letters."
2,5,todo,05-bosses,boss-ui-hp-frame,보스 체력바 틀,public/assets/bosses/hp-frame.webp,1024x1024,1024x128,transparent,3,high,public/assets/ui/trophy.webp,,보스전 UI,"a long horizontal ornate health-bar frame, empty inside, gold and dark purple, 8:1 proportions

Glossy 3D game UI icon, one object only, slight top-down front view, soft pastel palette with SUMUS mint green (#10B981) accents, clean edges readable at 48px, centered with 10% margin. Transparent background, no text, no letters."
2,5,todo,08-app,event-christmas,이벤트 배너: 크리스마스,public/assets/events/christmas.webp,1536x1024,1200x400,opaque,3,high,public/assets/pets/dog-2.webp ; public/assets/pets/rabbit-2.webp,,홈 이벤트 배너,"Wide seasonal banner for 크리스마스: snow, a small tree and presents, with the two pets from the references celebrating on the right side; left side calm for text.

Soft painterly 3D game background, bright and friendly, gentle depth of field, no characters, no text; keep the central 60% calm and uncluttered for UI on top."
2,5,todo,08-app,event-chuseok,이벤트 배너: 추석,public/assets/events/chuseok.webp,1536x1024,1200x400,opaque,3,high,public/assets/pets/dog-2.webp ; public/assets/pets/rabbit-2.webp,,홈 이벤트 배너,"Wide seasonal banner for 추석: full moon, songpyeon and persimmons, with the two pets from the references celebrating on the right side; left side calm for text.

Soft painterly 3D game background, bright and friendly, gentle depth of field, no characters, no text; keep the central 60% calm and uncluttered for UI on top."
2,5,todo,08-app,event-exam,이벤트 배너: 시험 기간,public/assets/events/exam.webp,1536x1024,1200x400,opaque,3,high,public/assets/pets/dog-2.webp ; public/assets/pets/rabbit-2.webp,,홈 이벤트 배너,"Wide seasonal banner for 시험 기간: notebooks, pencils and a ""you can do it"" energy with stars (no text), with the two pets from the references celebrating on the right side; left side calm for text.

Soft painterly 3D game background, bright and friendly, gentle depth of field, no characters, no text; keep the central 60% calm and uncluttered for UI on top."
2,5,todo,08-app,event-halloween,이벤트 배너: 할로윈,public/assets/events/halloween.webp,1536x1024,1200x400,opaque,3,high,public/assets/pets/dog-2.webp ; public/assets/pets/rabbit-2.webp,,홈 이벤트 배너,"Wide seasonal banner for 할로윈: cute pumpkins and candy, with the two pets from the references celebrating on the right side; left side calm for text.

Soft painterly 3D game background, bright and friendly, gentle depth of field, no characters, no text; keep the central 60% calm and uncluttered for UI on top."
